"[01 Basi] - Come dichiari una variabile intera e una stringa in C#?";"Specifichi il tipo, poi il nome.<br><br><pre style=""background:#282c34; color:#abb2bf; padding:10px; border-radius:5px; white-space:pre-wrap; word-wrap:break-word;""><code>int marce = 6;<br>string moto = ""Yamaha XT1200Z"";</code></pre>"
"[01 Basi] - Qual è la differenza tra 'float', 'double' e 'decimal'?";"Rappresentano numeri decimali. <b>float</b> (32 bit), <b>double</b> (64 bit - standard), <b>decimal</b> (128 bit - massima precisione).<br><br><pre style=""background:#282c34; color:#abb2bf; padding:10px; border-radius:5px; white-space:pre-wrap; word-wrap:break-word;""><code>decimal saldoFinanza = 1500.50m; // Usa la 'm'</code></pre>"
"[01 Basi] - Come si usa la String Interpolation?";"Col simbolo $ permette di inserire variabili nelle stringhe.<br><br><pre style=""background:#282c34; color:#abb2bf; padding:10px; border-radius:5px; white-space:pre-wrap; word-wrap:break-word;""><code>string destinazione = ""Pratomollo"";<br>Console.WriteLine($""Oggi guido verso {destinazione}"");</code></pre>"
"[01 Basi] - Cos'è la keyword 'var'?";"Fa dedurre il tipo al compilatore. Il tipo diventa comunque fisso a compile-time.<br><br><pre style=""background:#282c34; color:#abb2bf; padding:10px; border-radius:5px; white-space:pre-wrap; word-wrap:break-word;""><code>var attrezzo = ""Cricchetto""; // È una stringa</code></pre>"
"[01 Basi] - Differenza tra 'const' e 'readonly'?";"<b>const</b> deve essere assegnato subito e non cambia mai. <b>readonly</b> può essere assegnato nel costruttore.<br><br><pre style=""background:#282c34; color:#abb2bf; padding:10px; border-radius:5px; white-space:pre-wrap; word-wrap:break-word;""><code>const int Ruote = 2;<br>readonly string _targa;</code></pre>"
"[01 Basi] - A cosa serve una Verbatim String (@)?";"Ignora i caratteri di escape (come \\n). Utile per percorsi o query SQL.<br><br><pre style=""background:#282c34; color:#abb2bf; padding:10px; border-radius:5px; white-space:pre-wrap; word-wrap:break-word;""><code>string path = @""C:\Officina\Manuali"";<br>string sql = @""SELECT * FROM Clienti"";</code></pre>"
"[01 Basi] - Come funziona l'Operatore Ternario ( ? : )?";"È un 'if-else' compatto.<br><br><pre style=""background:#282c34; color:#abb2bf; padding:10px; border-radius:5px; white-space:pre-wrap; word-wrap:break-word;""><code>string stato = (pressione > 2.2) ? ""OK"" : ""Sgonfia"";</code></pre>"
"[01 Basi] - Cosa fa l'operatore Null-Coalescing (??)?";"Restituisce il valore a sinistra se non è null, altrimenti quello a destra.<br><br><pre style=""background:#282c34; color:#abb2bf; padding:10px; border-radius:5px; white-space:pre-wrap; word-wrap:break-word;""><code>string olio = olioScelto ?? ""Motul 10W40"";</code></pre>"
"[01 Basi] - Cos'è il Casting esplicito?";"Forzare la conversione tra tipi che potrebbero perdere dati.<br><br><pre style=""background:#282c34; color:#abb2bf; padding:10px; border-radius:5px; white-space:pre-wrap; word-wrap:break-word;""><code>double cilindrata = 1199.5;<br>int ccInteri = (int)cilindrata; // Diventa 1199</code></pre>"
"[01 Basi] - Come dichiari un tipo Nullable?";"Aggiungendo il punto interrogativo (?). Significa che può non avere un valore.<br><br><pre style=""background:#282c34; color:#abb2bf; padding:10px; border-radius:5px; white-space:pre-wrap; word-wrap:break-word;""><code>int? chilometriPercorsi = null;</code></pre>"
"[02 Controllo] - Scrivi la sintassi di 'if-else'.";"Esegue codice basato su una condizione booleana.<br><br><pre style=""background:#282c34; color:#abb2bf; padding:10px; border-radius:5px; white-space:pre-wrap; word-wrap:break-word;""><code>if (isPiove) <br>  MettiTutaInCerata();<br>else <br>  PartiVersoSS45();</code></pre>"
"[02 Controllo] - Come funziona lo statement 'switch'?";"Valuta una variabile e la confronta con vari casi.<br><br><pre style=""background:#282c34; color:#abb2bf; padding:10px; border-radius:5px; white-space:pre-wrap; word-wrap:break-word;""><code>switch (marcia)<br>{<br>  case 1: Console.WriteLine(""Prima""); break;<br>  default: Console.WriteLine(""Altra marcia""); break;<br>}</code></pre>"
"[02 Controllo] - Cos'è una Switch Expression (C# 8+)?";"Versione super compatta dello switch che restituisce un valore.<br><br><pre style=""background:#282c34; color:#abb2bf; padding:10px; border-radius:5px; white-space:pre-wrap; word-wrap:break-word;""><code>string tipoStrada = fondo switch <br>{<br>  ""Asfalto"" => ""SS45"",<br>  ""Bianca"" => ""Pratomollo"",<br>  _ => ""Sconosciuta""<br>};</code></pre>"
"[02 Controllo] - Sintassi del ciclo 'for'.";"Si usa per un numero preciso di iterazioni.<br><br><pre style=""background:#282c34; color:#abb2bf; padding:10px; border-radius:5px; white-space:pre-wrap; word-wrap:break-word;""><code>for (int i = 0; i < 4; i++)<br>{<br>  ControllaCandela(i);<br>}</code></pre>"
"[02 Controllo] - Sintassi del ciclo 'foreach'.";"Itera sugli elementi di una collezione.<br><br><pre style=""background:#282c34; color:#abb2bf; padding:10px; border-radius:5px; white-space:pre-wrap; word-wrap:break-word;""><code>foreach (var attrezzo in cassetto)<br>{<br>  Pulisci(attrezzo);<br>}</code></pre>"
"[02 Controllo] - Differenza tra 'while' e 'do-while'.";"<b>while</b> controlla la condizione prima. <b>do-while</b> la controlla alla fine (esegue almeno una volta).<br><br><pre style=""background:#282c34; color:#abb2bf; padding:10px; border-radius:5px; white-space:pre-wrap; word-wrap:break-word;""><code>do { AccendiMotore(); } <br>while (!isAcceso);</code></pre>"
"[02 Controllo] - Differenza tra 'break' e 'continue'.";"<b>break</b> interrompe e scappa dal ciclo. <b>continue</b> salta l'iterazione attuale e passa alla successiva.<br><br><pre style=""background:#282c34; color:#abb2bf; padding:10px; border-radius:5px; white-space:pre-wrap; word-wrap:break-word;""><code>if (viteSpanata) continue; // Passa all'altra vite</code></pre>"
"[03 Metodi] - Sintassi base di un metodo con ritorno.";"Modificatore, tipo ritorno, nome, parametri.<br><br><pre style=""background:#282c34; color:#abb2bf; padding:10px; border-radius:5px; white-space:pre-wrap; word-wrap:break-word;""><code>public decimal CalcolaIva(decimal imponibile)<br>{<br>  return imponibile * 0.22m;<br>}</code></pre>"
"[03 Metodi] - Cosa fa la keyword 'void'?";"Indica che il metodo esegue un'azione ma non restituisce niente.<br><br><pre style=""background:#282c34; color:#abb2bf; padding:10px; border-radius:5px; white-space:pre-wrap; word-wrap:break-word;""><code>public void StampaPreventivo() { }</code></pre>"
"[03 Metodi] - Come si crea un Parametro Opzionale?";"Assegnandogli un valore di default nella firma.<br><br><pre style=""background:#282c34; color:#abb2bf; padding:10px; border-radius:5px; white-space:pre-wrap; word-wrap:break-word;""><code>public void Tagliando(bool cambiaFiltro = true)</code></pre>"
"[03 Metodi] - Cos'è l'Overloading dei metodi?";"Creare più metodi con lo stesso nome ma parametri diversi (tipo o numero).<br><br><pre style=""background:#282c34; color:#abb2bf; padding:10px; border-radius:5px; white-space:pre-wrap; word-wrap:break-word;""><code>void Ripara(Moto m)<br>void Ripara(Moto m, int urgenza)</code></pre>"
"[03 Metodi] - Come funziona il passaggio per 'ref'?";"Passa il riferimento in memoria: se il metodo cambia il valore, cambia anche l'originale fuori.<br><br><pre style=""background:#282c34; color:#abb2bf; padding:10px; border-radius:5px; white-space:pre-wrap; word-wrap:break-word;""><code>void AggiungiOlio(ref int livello)</code></pre>"
"[03 Metodi] - Come funziona la keyword 'out'?";"Simile a ref, ma serve per far restituire più valori a un metodo. Deve essere valorizzata nel metodo.<br><br><pre style=""background:#282c34; color:#abb2bf; padding:10px; border-radius:5px; white-space:pre-wrap; word-wrap:break-word;""><code>bool success = int.TryParse(""10"", out int numero);</code></pre>"
"[03 Metodi] - Come si restituiscono le Tuple da un metodo?";"Raggruppano più valori di ritorno senza creare una classe apposta.<br><br><pre style=""background:#282c34; color:#abb2bf; padding:10px; border-radius:5px; white-space:pre-wrap; word-wrap:break-word;""><code>public (decimal Totale, bool Pagato) GetFattura() <br>{ return (150m, false); }</code></pre>"
"[03 Metodi] - Cosa sono gli Expression-Bodied Members (=>)?";"Un modo rapido per scrivere metodi composti da una sola riga.<br><br><pre style=""background:#282c34; color:#abb2bf; padding:10px; border-radius:5px; white-space:pre-wrap; word-wrap:break-word;""><code>public int Moltiplica(int a, int b) => a * b;</code></pre>"
"[03 Metodi] - Come si richiama un metodo passando gli argomenti?";"Usi il nome del metodo seguito dalle parentesi tonde contenenti i valori (argomenti) nell'ordine esatto richiesto dalla firma.<br><br><pre style=""background:#282c34; color:#abb2bf; padding:10px; border-radius:5px; white-space:pre-wrap; word-wrap:break-word;""><code>// Richiamo il metodo passando i valori 5 e 10<br>int risultato = CalcolaArea(5, 10);</code></pre>"
"[04 OOP Basi] - Come definisci una Classe e la istanzi?";"La classe è il modello, l'oggetto è l'istanza.<br><br><pre style=""background:#282c34; color:#abb2bf; padding:10px; border-radius:5px; white-space:pre-wrap; word-wrap:break-word;""><code>public class Utensile { }<br>Utensile trapano = new Utensile();</code></pre>"
"[04 OOP Basi] - Cos'è un Costruttore?";"Metodo speciale per inizializzare l'oggetto al momento della 'new'. Stesso nome classe, no tipo ritorno.<br><br><pre style=""background:#282c34; color:#abb2bf; padding:10px; border-radius:5px; white-space:pre-wrap; word-wrap:break-word;""><code>public Utensile(string nome) { Nome = nome; }</code></pre>"
"[04 OOP Basi] - Come si definisce una Proprietà (Property)?";"Espone i dati. Ha getter (lettura) e setter (scrittura).<br><br><pre style=""background:#282c34; color:#abb2bf; padding:10px; border-radius:5px; white-space:pre-wrap; word-wrap:break-word;""><code>public int Cavalli { get; set; }</code></pre>"
"[04 OOP Basi] - Cosa fa il modificatore 'private'?";"Rende il membro accessibile SOLO all'interno della classe stessa. Fondamentale per l'Incapsulamento.<br><br><pre style=""background:#282c34; color:#abb2bf; padding:10px; border-radius:5px; white-space:pre-wrap; word-wrap:break-word;""><code>private string _codiceSegreto;</code></pre>"
"[04 OOP Basi] - Cosa fa il modificatore 'public'?";"Rende il membro accessibile da chiunque nel codice.<br><br><pre style=""background:#282c34; color:#abb2bf; padding:10px; border-radius:5px; white-space:pre-wrap; word-wrap:break-word;""><code>public string NomeAzienda;</code></pre>"
"[04 OOP Basi] - Cosa fa il modificatore 'protected'?";"Accessibile nella classe stessa e in tutte le classi che la ereditano.<br><br><pre style=""background:#282c34; color:#abb2bf; padding:10px; border-radius:5px; white-space:pre-wrap; word-wrap:break-word;""><code>protected decimal PrezzoBase;</code></pre>"
"[04 OOP Basi] - Cosa fa il modificatore 'internal'?";"Accessibile solo all'interno dello stesso progetto (Assembly). Default per le classi non specificate.<br><br><pre style=""background:#282c34; color:#abb2bf; padding:10px; border-radius:5px; white-space:pre-wrap; word-wrap:break-word;""><code>internal class ToolOfficina</code></pre>"
"[04 OOP Basi] - A cosa serve la keyword 'static'?";"Rende un membro appartenente alla classe, non all'istanza. Non serve fare 'new' per usarlo.<br><br><pre style=""background:#282c34; color:#abb2bf; padding:10px; border-radius:5px; white-space:pre-wrap; word-wrap:break-word;""><code>Math.Round(5.5); // Round è static</code></pre>"
"[04 OOP Basi] - A cosa serve 'this'?";"Punta all'istanza corrente della classe. Utile per distinguere le proprietà dai parametri del costruttore.<br><br><pre style=""background:#282c34; color:#abb2bf; padding:10px; border-radius:5px; white-space:pre-wrap; word-wrap:break-word;""><code>this.nome = nome;</code></pre>"
"[04 OOP Basi] - Cosa sono i 'Record' (C# 9+)?";"Tipi ideali per dati immutabili. Hanno uguaglianza basata sui valori (Value Equality) e non sul riferimento.<br><br><pre style=""background:#282c34; color:#abb2bf; padding:10px; border-radius:5px; white-space:pre-wrap; word-wrap:break-word;""><code>public record Transazione(decimal Importo, string Data);</code></pre>"
"[04 OOP Basi] - Cosa sono le property 'init' (C# 9+)?";"Si possono impostare SOLO durante la creazione dell'oggetto, poi diventano di sola lettura.<br><br><pre style=""background:#282c34; color:#abb2bf; padding:10px; border-radius:5px; white-space:pre-wrap; word-wrap:break-word;""><code>public string Targa { get; init; }</code></pre>"
"[05 OOP Avanzato] - Come si applica l'Ereditarietà?";"Usa i due punti (:). Una classe può ereditare da UNA sola classe base.<br><br><pre style=""background:#282c34; color:#abb2bf; padding:10px; border-radius:5px; white-space:pre-wrap; word-wrap:break-word;""><code>public class Auto : Veicolo { }</code></pre>"
"[05 OOP Avanzato] - A cosa serve 'base' nel costruttore?";"Per chiamare il costruttore della classe padre prima di eseguire quello della classe figlia.<br><br><pre style=""background:#282c34; color:#abb2bf; padding:10px; border-radius:5px; white-space:pre-wrap; word-wrap:break-word;""><code>public Auto() : base(""4 Ruote"") { }</code></pre>"
"[05 OOP Avanzato] - A cosa servono 'virtual' e 'override'?";"<b>virtual</b> nel padre permette la modifica. <b>override</b> nel figlio sostituisce effettivamente il metodo.<br><br><pre style=""background:#282c34; color:#abb2bf; padding:10px; border-radius:5px; white-space:pre-wrap; word-wrap:break-word;""><code>public override void Accendi() { }</code></pre>"
"[05 OOP Avanzato] - Cos'è una Classe Astratta ('abstract')?";"Una classe che non può essere istanziata (no 'new'). Serve solo come base da cui ereditare.<br><br><pre style=""background:#282c34; color:#abb2bf; padding:10px; border-radius:5px; white-space:pre-wrap; word-wrap:break-word;""><code>public abstract class Motore { }</code></pre>"
"[05 OOP Avanzato] - Cos'è un Metodo Astratto?";"Metodo senza corpo dentro una classe astratta. Obbliga i figli a implementarlo (con override).<br><br><pre style=""background:#282c34; color:#abb2bf; padding:10px; border-radius:5px; white-space:pre-wrap; word-wrap:break-word;""><code>public abstract void IniettaCarburante();</code></pre>"
"[05 OOP Avanzato] - Come si definisce e implementa un'Interfaccia?";"Contratto senza codice. Inizia per 'I'. Le classi usano i due punti per implementarla.<br><br><pre style=""background:#282c34; color:#abb2bf; padding:10px; border-radius:5px; white-space:pre-wrap; word-wrap:break-word;""><code>public interface IGuidabile<br>{ void Sterza(); }<br>public class Moto : IGuidabile</code></pre>"
"[05 OOP Avanzato] - Differenza tra Interfaccia e Classe Astratta?";"Una classe può ereditare da UNA sola classe astratta, ma implementare MOLTE interfacce. Le interfacce (prima di C# 8) non hanno codice."
"[05 OOP Avanzato] - Cos'è una classe 'sealed'?";"Una classe che non può essere ereditata da nessun'altra. Fine dell'albero genealogico.<br><br><pre style=""background:#282c34; color:#abb2bf; padding:10px; border-radius:5px; white-space:pre-wrap; word-wrap:break-word;""><code>public sealed class String { }</code></pre>"
"[05 OOP Avanzato] - Cos'è il Polimorfismo?";"La capacità di oggetti figli di essere trattati come se fossero del tipo padre/interfaccia.<br><br><pre style=""background:#282c34; color:#abb2bf; padding:10px; border-radius:5px; white-space:pre-wrap; word-wrap:break-word;""><code>IGuidabile mioMezzo = new Moto();<br>mioMezzo.Sterza(); // Chiama quello di Moto</code></pre>"
"[05 OOP Avanzato] - Come fai il casting (Upcasting vs Downcasting)?";"Up: da figlio a padre (implicito). Down: da padre a figlio (esplicito, usa operatori 'as' o casting diretto).<br><br><pre style=""background:#282c34; color:#abb2bf; padding:10px; border-radius:5px; white-space:pre-wrap; word-wrap:break-word;""><code>Moto xt = veicoloBase as Moto;</code></pre>"
"[05 OOP Avanzato] - Come funziona il pattern matching 'is'?";"Controlla se un oggetto è di un certo tipo e, se sì, lo casta in una nuova variabile sicura.<br><br><pre style=""background:#282c34; color:#abb2bf; padding:10px; border-radius:5px; white-space:pre-wrap; word-wrap:break-word;""><code>if (veicolo is Moto myMoto) { myMoto.Impenna(); }</code></pre>"
"[06 Collezioni] - Cos'è un Array?";"Collezione a dimensione <b>fissa</b> e continua in memoria. Sintassi con parentesi quadre.<br><br><pre style=""background:#282c34; color:#abb2bf; padding:10px; border-radius:5px; white-space:pre-wrap; word-wrap:break-word;""><code>string[] attrezzi = new string[3];</code></pre>"
"[06 Collezioni] - Cos'è una List<T>?";"La collezione più usata. È dinamica: cresce o si riduce quando aggiungi/rimuovi elementi.<br><br><pre style=""background:#282c34; color:#abb2bf; padding:10px; border-radius:5px; white-space:pre-wrap; word-wrap:break-word;""><code>List&lt;int&gt; giri = new();<br>giri.Add(3500);</code></pre>"
"[06 Collezioni] - Cos'è un Dictionary<TKey, TValue>?";"Collezione basata su chiave-valore. Ricerca istantanea tramite la chiave (O(1)).<br><br><pre style=""background:#282c34; color:#abb2bf; padding:10px; border-radius:5px; white-space:pre-wrap; word-wrap:break-word;""><code>Dictionary&lt;string, decimal&gt; prezzi = new();<br>prezzi[""Filtro""] = 10.50m;</code></pre>"
"[06 Collezioni] - Cos'è una Queue<T> (Coda)?";"Collezione FIFO (First In, First Out). Come la fila alla cassa.<br><br><pre style=""background:#282c34; color:#abb2bf; padding:10px; border-radius:5px; white-space:pre-wrap; word-wrap:break-word;""><code>Queue&lt;string&gt; lavori = new();<br>lavori.Enqueue(""Cambio gomme""); // Aggiunge</code></pre>"
"[06 Collezioni] - Cos'è uno Stack<T> (Pila)?";"Collezione LIFO (Last In, First Out). Come una pila di piatti: l'ultimo messo è il primo tolto.<br><br><pre style=""background:#282c34; color:#abb2bf; padding:10px; border-radius:5px; white-space:pre-wrap; word-wrap:break-word;""><code>Stack&lt;string&gt; azioni = new();<br>azioni.Push(""Smonta carter"");</code></pre>"
"[06 Collezioni] - Cos'è un HashSet<T>?";"Collezione che garantisce <b>elementi unici</b> (nessun duplicato) ed è velocissima per le ricerche.<br><br><pre style=""background:#282c34; color:#abb2bf; padding:10px; border-radius:5px; white-space:pre-wrap; word-wrap:break-word;""><code>HashSet&lt;string&gt; targheViste = new();</code></pre>"
"[06 Collezioni] - Cosa sono i Generics (<T>)?";"Permettono di creare classi o metodi che funzionano con qualsiasi tipo dati senza perdere la Type Safety.<br><br><pre style=""background:#282c34; color:#abb2bf; padding:10px; border-radius:5px; white-space:pre-wrap; word-wrap:break-word;""><code>public class Cassa&lt;T&gt; { public T Contenuto; }</code></pre>"
"[06 Collezioni] - Cos'è IEnumerable<T>?";"L'interfaccia base per tutte le collezioni iterabili (con foreach). Spesso usata per ritorni generici di sola lettura.<br><br><pre style=""background:#282c34; color:#abb2bf; padding:10px; border-radius:5px; white-space:pre-wrap; word-wrap:break-word;""><code>public IEnumerable&lt;Moto&gt; GetMotoInVendita()</code></pre>"
"[06 Collezioni] - Differenza tra IEnumerable<T> e IQueryable<T>?";"<b>IEnumerable</b> lavora in memoria (RAM). <b>IQueryable</b> trasforma i filtri in codice SQL ed esegue il lavoro sul Database (Entity Framework). Cruciale per le performance!"
"[06 Collezioni] - A cosa serve 'yield return'?";"Restituisce elementi uno alla volta da un metodo creando un iteratore personalizzato (Deferred Execution).<br><br><pre style=""background:#282c34; color:#abb2bf; padding:10px; border-radius:5px; white-space:pre-wrap; word-wrap:break-word;""><code>yield return numeroGenerato;</code></pre>"
"[07 LINQ] - A cosa serve il metodo .Where()?";"Filtra la collezione restituendo solo gli elementi che soddisfano la condizione.<br><br><pre style=""background:#282c34; color:#abb2bf; padding:10px; border-radius:5px; white-space:pre-wrap; word-wrap:break-word;""><code>var ok = preventivi.Where(p => p.Totale < 500);</code></pre>"
"[07 LINQ] - A cosa serve il metodo .Select()?";"Proietta/Trasforma ogni elemento in una nuova forma. (Mappatura).<br><br><pre style=""background:#282c34; color:#abb2bf; padding:10px; border-radius:5px; white-space:pre-wrap; word-wrap:break-word;""><code>var soloNomi = clienti.Select(c => c.Nome);</code></pre>"
"[07 LINQ] - Come ordini i dati con LINQ?";"Usando <code>OrderBy()</code> per ordine crescente, o <code>OrderByDescending()</code>.<br><br><pre style=""background:#282c34; color:#abb2bf; padding:10px; border-radius:5px; white-space:pre-wrap; word-wrap:break-word;""><code>var top = spese.OrderByDescending(s => s.Importo);</code></pre>"
"[07 LINQ] - First() vs FirstOrDefault()?";"Entrambi prendono il primo elemento. Ma se la lista è vuota: <b>First</b> crasha (eccezione), <b>FirstOrDefault</b> restituisce null (o il default del tipo).<br><br><pre style=""background:#282c34; color:#abb2bf; padding:10px; border-radius:5px; white-space:pre-wrap; word-wrap:break-word;""><code>var moto = lista.FirstOrDefault(m => m.Id == 1);</code></pre>"
"[07 LINQ] - SingleOrDefault() vs FirstOrDefault()?";"SingleOrDefault garantisce che ci sia <b>UNO E UN SOLO</b> elemento corrispondente. Se ce ne sono due uguali lancia un'eccezione (ideale per ricerche per ID o Targa)."
"[07 LINQ] - A cosa servono .Any() e .All()?";"Restituiscono un bool. <b>Any</b>: true se almeno uno soddisfa la condizione. <b>All</b>: true se TUTTI la soddisfano.<br><br><pre style=""background:#282c34; color:#abb2bf; padding:10px; border-radius:5px; white-space:pre-wrap; word-wrap:break-word;""><code>bool hoOlio = magazzino.Any(a => a.Nome == ""Olio"");</code></pre>"
"[07 LINQ] - Come sommi i valori di una proprietà in una lista?";"Usando il metodo <code>.Sum()</code>.<br><br><pre style=""background:#282c34; color:#abb2bf; padding:10px; border-radius:5px; white-space:pre-wrap; word-wrap:break-word;""><code>decimal spesaTot = scontrini.Sum(s => s.Importo);</code></pre>"
"[07 LINQ] - A cosa serve .GroupBy()?";"Raggruppa gli elementi basandosi su una chiave in comune.<br><br><pre style=""background:#282c34; color:#abb2bf; padding:10px; border-radius:5px; white-space:pre-wrap; word-wrap:break-word;""><code>var veicoliPerMarca = veicoli.GroupBy(v => v.Marca);</code></pre>"
"[07 LINQ] - A cosa servono .Skip() e .Take()?";"Fondamentali per la paginazione. Skip salta i primi X elementi, Take prende i successivi Y.<br><br><pre style=""background:#282c34; color:#abb2bf; padding:10px; border-radius:5px; white-space:pre-wrap; word-wrap:break-word;""><code>var pagina2 = records.Skip(10).Take(10);</code></pre>"
"[07 LINQ] - Cos'è l'Esecuzione Differita (Deferred Execution)?";"Le query LINQ (Where, Select) non vengono eseguite finché non le iteri o non chiami <code>.ToList()</code> o <code>.ToArray()</code>. Permette di concatenare query prima di colpire il DB."
"[08 Errori] - Sintassi base del Try-Catch.";"Evita i crash intercettando errori a runtime.<br><br><pre style=""background:#282c34; color:#abb2bf; padding:10px; border-radius:5px; white-space:pre-wrap; word-wrap:break-word;""><code>try { int x = 10/0; } <br>catch (DivideByZeroException ex) { Log(ex); }</code></pre>"
"[08 Errori] - A cosa serve il blocco 'finally'?";"Si esegue SEMPRE, sia in caso di successo che di errore. Ideale per chiudere connessioni al DB o stream di file.<br><br><pre style=""background:#282c34; color:#abb2bf; padding:10px; border-radius:5px; white-space:pre-wrap; word-wrap:break-word;""><code>finally { db.Close(); }</code></pre>"
"[08 Errori] - Come generi intenzionalmente un'eccezione?";"Usando la keyword 'throw'.<br><br><pre style=""background:#282c34; color:#abb2bf; padding:10px; border-radius:5px; white-space:pre-wrap; word-wrap:break-word;""><code>if (prezzo < 0) throw new ArgumentException(""Errore"");</code></pre>"
"[08 Errori] - Come si crea un'Eccezione Personalizzata?";"Ereditando dalla classe base <code>Exception</code>.<br><br><pre style=""background:#282c34; color:#abb2bf; padding:10px; border-radius:5px; white-space:pre-wrap; word-wrap:break-word;""><code>public class MotoreFusoException : Exception { }</code></pre>"
"[08 Errori] - Cosa fa l'operatore Null-Conditional (?.)?";"Evita la NullReferenceException chiamando un metodo/proprietà solo se l'oggetto NON è null.<br><br><pre style=""background:#282c34; color:#abb2bf; padding:10px; border-radius:5px; white-space:pre-wrap; word-wrap:break-word;""><code>int? len = cliente?.Nome?.Length;</code></pre>"
"[09 Async] - A cosa servono 'async' e 'await'?";"Permettono operazioni asincrone. Non bloccano l'interfaccia (UI) mentre l'app scarica dati o scrive su DB. Fondamentali in MAUI."
"[09 Async] - Cos'è un 'Task'?";"Rappresenta un'operazione asincrona. Se il metodo deve restituire <code>void</code>, in asincrono restituisce <code>Task</code>.<br><br><pre style=""background:#282c34; color:#abb2bf; padding:10px; border-radius:5px; white-space:pre-wrap; word-wrap:break-word;""><code>public async Task SalvaSuDbAsync()</code></pre>"
"[09 Async] - Come restituisci un valore asincrono?";"Usando <code>Task&lt;T&gt;</code>.<br><br><pre style=""background:#282c34; color:#abb2bf; padding:10px; border-radius:5px; white-space:pre-wrap; word-wrap:break-word;""><code>public async Task&lt;decimal&gt; GetBilancioAsync()</code></pre>"
"[09 Async] - A cosa serve Task.Run()?";"Sposta un calcolo pesante su un thread in background (Thread Pool) per non congelare la UI.<br><br><pre style=""background:#282c34; color:#abb2bf; padding:10px; border-radius:5px; white-space:pre-wrap; word-wrap:break-word;""><code>await Task.Run(() => CalcoloMatematicoPesante());</code></pre>"
"[09 Async] - A cosa serve Task.WhenAll()?";"Esegue multipli Task in parallelo e attende che TUTTI abbiano finito prima di procedere.<br><br><pre style=""background:#282c34; color:#abb2bf; padding:10px; border-radius:5px; white-space:pre-wrap; word-wrap:break-word;""><code>await Task.WhenAll(task1, task2);</code></pre>"
"[10 Architettura e MAUI] - Cos'è l'MVVM (Model-View-ViewModel)?";"Pattern UI. <br><b>Model</b>: Dati (Classi).<br><b>View</b>: Interfaccia utente (XAML).<br><b>ViewModel</b>: Logica che collega la View al Model tramite Data Binding."
"[10 Architettura e MAUI] - Cos'è l'INotifyPropertyChanged?";"Interfaccia cruciale in MAUI. Permette al ViewModel di avvisare la View che un dato è cambiato, aggiornando la grafica automaticamente."
"[10 Architettura e MAUI] - Cos'è il Command (ICommand)?";"Sostituisce gli Event Handlers (es. i 'Click' dei bottoni). In MAUI i pulsanti si bindano ai Command nel ViewModel per tenere la View disaccoppiata."
"[10 Architettura e MAUI] - Cos'è la Dependency Injection (DI)?";"Principio per cui le classi non creano le proprie dipendenze (no 'new'). Le ricevono nel costruttore. Facilita testing e manutenzione."
"[10 Architettura e MAUI] - DI: Differenza tra Transient, Scoped e Singleton?";"<b>Transient</b>: Nuova istanza ogni volta che è richiesta.<br><b>Scoped</b>: Stessa istanza per singola richiesta web (poco usata in MAUI).<br><b>Singleton</b>: Una singola istanza viva per tutta la durata dell'app."
"[10 Design Pattern] - Cos'è il Singleton Pattern?";"Garantisce che esista UNA SOLA istanza di una classe e fornisce un punto globale per accedervi. (Oggi si gestisce tramite la DI come 'AddSingleton')."
"[10 Design Pattern] - Cos'è il Factory Method Pattern?";"Delega la creazione degli oggetti a un metodo specifico anziché usare 'new' nel codice client. Utile se la logica di creazione è complessa."
"[10 Design Pattern] - Cos'è lo Strategy Pattern?";"Permette di cambiare l'algoritmo/comportamento di una classe a runtime.<br><br><b>Struttura:</b> Classe Contesto -> usa Interfaccia IStrategy -> implementata da StrategyA, StrategyB."
"[10 Design Pattern] - Cos'è il Repository Pattern?";"Astrae l'accesso al database. Il tuo ViewModel parla col Repository (tramite interfaccia), il Repository parla con SQLite o SQL Server. Se cambi DB, l'app non se ne accorge."
"[10 Design Pattern] - Cos'è l'Observer Pattern?";"Un oggetto (Subject) mantiene una lista di dipendenti (Observer) e li notifica automaticamente dei cambiamenti di stato. In C# si implementa spesso nativamente usando <b>Eventi e Delegati</b>."
"[10 Avanzato] - Cosa sono 'Action' e 'Func'?";"Sono delegati (puntatori a metodi) pronti all'uso.<br><b>Action</b>: Punta a un metodo che restituisce void.<br><b>Func</b>: Punta a un metodo che restituisce un valore."
"[10 Avanzato] - Come si dichiara un Evento in C#?";"Usando 'event EventHandler'.<br><br><pre style=""background:#282c34; color:#abb2bf; padding:10px; border-radius:5px; white-space:pre-wrap; word-wrap:break-word;""><code>public event EventHandler MotoreAvviato;</code></pre>"
"[10 Avanzato] - Cos'è una Extension Method?";"Aggiunge metodi a classi esistenti (anche a classi di sistema come 'string' o 'int') senza modificarne il sorgente. Devono essere statici in una classe statica usando 'this'.<br><br><pre style=""background:#282c34; color:#abb2bf; padding:10px; border-radius:5px; white-space:pre-wrap; word-wrap:break-word;""><code>public static int Raddoppia(this int numero)</code></pre>"
"[10 Avanzato] - Cos'è l'Inversion of Control (IoC)?";"Il principio generale dietro la Dependency Injection. Consiste nel togliere al codice specifico il controllo del flusso (es. creare oggetti) e cederlo a un framework esterno (IoC Container)."
"[10 SQL] - Quali sono i comandi CRUD in SQL?";"<b>C</b>reate -> INSERT<br><b>R</b>ead -> SELECT<br><b>U</b>pdate -> UPDATE<br><b>D</b>elete -> DELETE"
"[10 SQL] - Differenza tra INNER JOIN e LEFT JOIN?";"<b>INNER</b>: restituisce solo le righe che hanno corrispondenze in entrambe le tabelle.<br><b>LEFT</b>: restituisce TUTTE le righe della prima tabella, e i valori null per la seconda se non c'è corrispondenza."
"[10 SQL] - Cosa sono Primary Key (PK) e Foreign Key (FK)?";"<b>PK</b>: Identificatore unico per una riga nella tabella (es. ID).<br><b>FK</b>: Campo in una tabella che punta alla PK di un'altra tabella, creando la relazione (es. ID_Cliente nella tabella Preventivi)."
"[10 Entity Framework] - Cos'è Entity Framework Core (ORM)?";"Object-Relational Mapper. Traduce le tue classi C# in tabelle SQL e i tuoi comandi LINQ in vere query SQL (SELECT, INSERT) senza scriverle a mano."
"[10 Entity Framework] - Cosa sono le Migrations?";"Strumento che traccia le modifiche fatte alle classi C# e genera/esegue automaticamente gli script SQL per aggiornare la struttura del database in produzione."
"[10 Entity Framework] - Cos'è il Lazy Loading (Esecuzione Pigra)?";"In Entity Framework, carica i dati correlati (es. i Preventivi di un Cliente) SOLO nel momento esatto in cui cerchi di accedervi nel codice, non appena carichi il Cliente. Spesso evitato per problemi di performance (N+1 query problem)."
"[11 Memoria] - Qual è la differenza tra Stack e Heap in C#?";"Sono due aree di memoria.<br>Lo <b>Stack</b> è veloce, ordinato (LIFO) e memorizza i <i>Value Types</i> (es. int, bool) e i puntatori.<br>L'<b>Heap</b> è più grande, meno ordinato e memorizza i <i>Reference Types</i> (es. Classi, Oggetti, Liste)."
"[11 Memoria] - Cos'è e cosa fa il Garbage Collector (GC)?";"È il 'meccanico delle pulizie' di .NET. Gira in background e libera automaticamente la memoria (sull'Heap) occupata da oggetti che non sono più utilizzati dall'applicazione."
"[11 Memoria] - Cos'è un Memory Leak in C# se esiste il Garbage Collector?";"Avviene quando mantieni inavvertitamente un riferimento a un oggetto (es. iscrivendoti a un evento e non disiscrivendoti mai). Il GC vede che l'oggetto è 'ancora collegato' e non libera la memoria."
"[11 Memoria] - A cosa serve l'interfaccia 'IDisposable'?";"A liberare manualmente risorse 'non gestite' dal GC (es. connessioni al DB SQL, file aperti o stream di rete) non appena hai finito di usarle.<br><br><pre style=""background:#282c34; color:#abb2bf; padding:10px; border-radius:5px; white-space:pre-wrap; word-wrap:break-word;""><code>public class DbOfficina : IDisposable { <br>  public void Dispose() { /* chiudi conn */ } <br>}</code></pre>"
"[11 Memoria] - Come funziona il blocco 'using'?";"È una scorciatoia sicura per usare oggetti IDisposable. Assicura che il metodo <code>.Dispose()</code> venga chiamato sempre, anche se l'app va in crash durante l'uso.<br><br><pre style=""background:#282c34; color:#abb2bf; padding:10px; border-radius:5px; white-space:pre-wrap; word-wrap:break-word;""><code>using (var conn = new SqlConnection(str))<br>{<br>    // Usa connessione<br>} // Qui viene fatto il Dispose() in automatico</code></pre>"
"[11 Memoria] - C# 8+ ha introdotto lo 'using statement' senza parentesi. Come funziona?";"Dichiari la variabile con <code>using</code>. Il <code>Dispose()</code> viene chiamato in automatico alla fine del metodo (o blocco di codice) in cui ti trovi.<br><br><pre style=""background:#282c34; color:#abb2bf; padding:10px; border-radius:5px; white-space:pre-wrap; word-wrap:break-word;""><code>using var conn = new SqlConnection(stringa);<br>// Fai le tue query<br>// ... fine metodo (conn viene chiusa qui)</code></pre>"
"[11 Memoria] - Differenza tra 'struct' e 'class'?";"<b>struct</b>: Value Type (finisce nello Stack), passato per copia. Ottimo per dati piccoli e immutabili (es. Coordinate GPS).<br><b>class</b>: Reference Type (finisce nell'Heap), passato per riferimento. Standard per quasi tutto."
"[12 SOLID] - Cos'è l'acronimo S.O.L.I.D.?";"Sono 5 principi di design object-oriented per scrivere codice mantenibile, testabile e scalabile:<br><b>S</b>ingle Responsibility<br><b>O</b>pen/Closed<br><b>L</b>iskov Substitution<br><b>I</b>nterface Segregation<br><b>D</b>ependency Inversion"
"[12 SOLID] - Cos'è il Single Responsibility Principle (SRP)?";"Una classe (o metodo) deve avere <b>un solo motivo per cambiare</b>, cioè una singola responsabilità.<br><br><i>No:</i> Classe <code>CalcolatorePreventivi</code> che salva anche sul DB.<br><i>Sì:</i> <code>CalcolatorePreventivi</code> (calcola) + <code>PreventivoRepository</code> (salva)."
"[12 SOLID] - Cos'è l'Open/Closed Principle (OCP)?";"Il codice deve essere <b>Aperto all'estensione, ma Chiuso alla modifica</b>.<br><br>Se vuoi aggiungere un nuovo tipo di sconto, non devi modificare la classe esistente riempiendola di <code>if</code>, ma creare una nuova classe che estende un'interfaccia <code>ISconto</code>."
"[12 SOLID] - Cos'è il Liskov Substitution Principle (LSP)?";"Se hai una classe padre (es. <code>Moto</code>), devi poterla sostituire con qualsiasi classe figlia (es. <code>MotoEnduro</code>) senza che il programma si rompa o si comporti in modo strano."
"[12 SOLID] - Cos'è l'Interface Segregation Principle (ISP)?";"Meglio tante interfacce piccole e specifiche che una singola interfaccia gigante.<br><br><i>No:</i> <code>IVeicolo</code> (con Sterza, Vola, Naviga).<br><i>Sì:</i> <code>IGuidabile</code>, <code>IVolabile</code>, <code>INavigabile</code>."
"[12 SOLID] - Cos'è il Dependency Inversion Principle (DIP)?";"Le classi di alto livello (la logica della tua app) NON devono dipendere da classi di basso livello (es. Database). Entrambe devono dipendere da <b>astrazioni (Interfacce)</b>."
"[13 MAUI XAML] - Cos'è XAML?";"eXtensible Application Markup Language. Il linguaggio di markup usato in MAUI per disegnare l'interfaccia utente (la View), tenendola separata dal codice C# (Code-Behind/ViewModel)."
"[13 MAUI XAML] - Cos'è un 'StackLayout' (Vertical/Horizontal)?";"Un contenitore XAML che impila gli elementi dell'interfaccia (bottoni, testi) uno sotto l'altro (Vertical) o uno a fianco all'altro (Horizontal)."
"[13 MAUI XAML] - Cos'è una 'Grid' in MAUI?";"Un layout potentissimo diviso in Righe (RowDefinition) e Colonne (ColumnDefinition). Ottimo per form o schermate complesse come il cruscotto finanziario della tua app."
"[13 MAUI Binding] - Cos'è il Data Binding?";"Il collegamento automatico tra la UI (XAML) e i Dati (ViewModel). Se il dato cambia, la UI si aggiorna da sola.<br><br><pre style=""background:#282c34; color:#abb2bf; padding:10px; border-radius:5px; white-space:pre-wrap; word-wrap:break-word;""><code>&lt;Label Text=""{Binding SaldoCorrente}"" /&gt;</code></pre>"
"[13 MAUI Binding] - Cos'è il BindingContext?";"Indica alla View (XAML) in quale oggetto (ViewModel) deve andare a cercare le proprietà a cui si sta 'bindando'.<br><br><pre style=""background:#282c34; color:#abb2bf; padding:10px; border-radius:5px; white-space:pre-wrap; word-wrap:break-word;""><code>this.BindingContext = new HomeViewModel();</code></pre>"
"[13 MAUI Binding] - A cosa serve un 'IValueConverter'?";"Traduce un dato dal ViewModel prima di mostrarlo nella View.<br>Es: Se <code>isSpesa = true</code>, il converter restituisce <code>Colors.Red</code>, se false restituisce <code>Colors.Green</code>."
"[13 MAUI Binding] - Cos'è 'ObservableCollection<T>'?";"Come una List&lt;T&gt;, ma avvisa automaticamente l'interfaccia utente (UI) quando aggiungi o rimuovi un elemento (fondamentale per le <code>CollectionView</code> o liste su schermo)."
"[14 MAUI Shell] - Cos'è MAUI Shell?";"È l'ossatura dell'app. Gestisce la struttura visiva principale (Flyout Menu laterale, Tabs in basso) e il motore di navigazione tra le pagine tramite rotte testuali (URI)."
"[14 MAUI Shell] - Come si naviga a una nuova pagina usando Shell?";"Usando <code>Shell.Current.GoToAsync()</code> passandogli la rotta registrata.<br><br><pre style=""background:#282c34; color:#abb2bf; padding:10px; border-radius:5px; white-space:pre-wrap; word-wrap:break-word;""><code>await Shell.Current.GoToAsync(""DettaglioFatturaPage"");</code></pre>"
"[14 MAUI Shell] - Come passi un parametro durante la navigazione in Shell?";"Aggiungendolo alla rotta (stile URL web) o passandogli un Dictionary di oggetti.<br><br><pre style=""background:#282c34; color:#abb2bf; padding:10px; border-radius:5px; white-space:pre-wrap; word-wrap:break-word;""><code>await Shell.Current.GoToAsync($""DettaglioPage?id={preventivoId}"");</code></pre>"
"[15 Multithreading] - Cos'è un Thread?";"Il percorso di esecuzione base del codice. Un'app ha un Thread Principale (Main/UI Thread). Creare più thread (Multithreading) permette di fare più cose contemporaneamente."
"[15 Multithreading] - Perché NON devi mai fare operazioni pesanti sul Main Thread (UI Thread)?";"Perché il Main Thread disegna l'interfaccia. Se lo tieni occupato a salvare nel DB o scaricare file, l'app si 'congela', i bottoni non si premono e l'OS potrebbe farla crashare (ANR)."
"[15 Multithreading] - A cosa serve la keyword 'lock'?";"Nei sistemi multithread, impedisce che due thread scrivano/leggano la stessa variabile nello stesso istante, causando dati corrotti (Race Condition).<br><br><pre style=""background:#282c34; color:#abb2bf; padding:10px; border-radius:5px; white-space:pre-wrap; word-wrap:break-word;""><code>lock (_lockObject) { _totale++; }</code></pre>"
"[15 Multithreading] - Cos'è un Deadlock?";"Quando due Thread si bloccano a vicenda aspettando che l'altro rilasci una risorsa. Come due moto in un vicolo strettissimo in cui nessuno vuole fare retromarcia."
"[15 Multithreading] - Thread.Sleep() vs Task.Delay()?";"<b>Thread.Sleep()</b>: blocca (congela) fisicamente il thread su cui ti trovi (disastroso se è la UI).<br><b>Task.Delay()</b>: è asincrono. Dice 'torna tra X secondi' ma intanto libera il thread per fare altro."
"[16 DB e EF Core] - Cos'è un Indice (Index) in SQL/SQLite?";"È come l'indice di un libro. Copia una determinata colonna per permettere ricerche velocissime, senza dover scansionare tutta la tabella riga per riga (Table Scan)."
"[16 DB e EF Core] - Quando NON dovresti usare un Indice in SQL?";"Gli indici velocizzano le SELECT, ma rallentano le INSERT/UPDATE/DELETE (perché il DB deve aggiornare anche l'indice). Non metterli su colonne che non cerchi mai."
"[16 DB e EF Core] - Cos'è una Transazione (Transaction) SQL?";"Un blocco di query che deve riuscire TUTTO o fallire TUTTO (ACID).<br>Es. Trasferisci soldi: 1) Togli soldi ad A, 2) Metti soldi a B. Se il punto 2 fallisce, il punto 1 deve essere annullato (Rollback)."
"[16 DB e EF Core] - In EF Core, a cosa serve '.AsNoTracking()'?";"Fa eseguire la query SENZA che Entity Framework tenga traccia degli oggetti letti per eventuali modifiche. Risparmia tantissima RAM ed è velocissimo. Usalo <b>sempre</b> per le query di sola lettura (es. caricare liste in MAUI)."
"[16 DB e EF Core] - Come definisci una relazione 1-a-Molti in EF Core?";"La classe Padre ha una <code>List&lt;Figlio&gt;</code>. La classe Figlia ha una Proprietà di tipo <code>Padre</code> e una Foreign Key <code>PadreId</code>."
"[17 Testing] - Cos'è un Unit Test?";"Un test automatico (codice che testa altro codice) che verifica una <b>singola piccola unità</b> di lavoro (es. un metodo <code>CalcolaIva()</code>) isolandola dal resto (no Database reale, no UI)."
"[17 Testing] - Cos'è un Integration Test?";"A differenza dell'Unit Test, testa il funzionamento di <b>più componenti insieme</b> (es. il tuo metodo C# interagisce CORRETTAMENTE col vero database SQLite e salva i dati)."
"[17 Testing] - Qual è il pattern A-A-A nello Unit Testing?";"<b>Arrange</b>: Prepara i dati iniziali.<br><b>Act</b>: Esegui il metodo da testare.<br><b>Assert</b>: Verifica che il risultato sia esattamente quello atteso."
"[17 Testing] - Cos'è il Mocking (es. libreria Moq)?";"Creare oggetti 'finti' (controfigure) che imitano le tue Interfacce. Ti permette di testare la logica del ViewModel fingendo che il salvataggio sul DB vada a buon fine, senza usare un DB vero."
"[18 Design Pattern 2] - Cos'è il pattern Decorator?";"Permette di aggiungere nuove funzionalità a un oggetto esistente dinamicamente, 'avvolgendolo' in un'altra classe, senza modificare la struttura originale."
"[18 Design Pattern 2] - Cos'è il pattern Facade (Facciata)?";"Fornisce un'interfaccia semplice e unificata per nascondere un sottosistema molto complesso.<br><br><i>Architettura:</i> L'app chiama <code>FaiTagliando()</code>. Dietro le quinte, la Facade chiama SmontaFiltro, SvuotaOlio, MettiOlio, Pulisci, ecc."
"[18 Design Pattern 2] - Cos'è il pattern Builder?";"Separa la costruzione di un oggetto molto complesso (con decine di parametri) dalla sua rappresentazione.<br>Es: <code>var moto = new MotoBuilder().ConGommeTassellate().ConValigie().Build();</code>"
"[18 Design Pattern 2] - Cos'è il pattern Mediator?";"Riduce le dipendenze caotiche tra oggetti facendoli comunicare solo attraverso un 'Mediatore' centrale (es. la torre di controllo di un aeroporto)."
"[18 Design Pattern 2] - Cos'è il pattern Command?";"Incapsula una richiesta in un oggetto separato. Ti permette di parametrizzare metodi, mettere le richieste in coda (Queue) e supportare operazioni di 'Annulla/Undo'."
"[19 Web API] - Cos'è un'API REST?";"È un'interfaccia che permette a due sistemi (es. la tua app MAUI e un server remoto) di comunicare sul web usando il protocollo HTTP e il formato JSON per scambiarsi i dati."
"[19 Web API] - Quali sono i 4 verbi HTTP principali e a cosa corrispondono nel CRUD?";"<b>GET</b> -> Read (Leggere dati)<br><b>POST</b> -> Create (Creare nuovi dati)<br><b>PUT / PATCH</b> -> Update (Aggiornare dati)<br><b>DELETE</b> -> Delete (Eliminare dati)"
"[19 Web API] - Cosa significa uno Status Code HTTP 200, 201 e 204?";"Sono codici di Successo.<br><b>200 OK</b>: Richiesta andata a buon fine.<br><b>201 Created</b>: Risorsa creata con successo (tipico dopo un POST).<br><b>204 No Content</b>: Successo, ma non c'è niente da restituire (tipico dopo un DELETE)."
"[19 Web API] - Cosa significa uno Status Code HTTP 400, 401, 403 e 404?";"Sono Errori lato Client.<br><b>400 Bad Request</b>: Dati inviati errati.<br><b>401 Unauthorized</b>: Devi fare il login (non sei autenticato).<br><b>403 Forbidden</b>: Sei loggato, ma non hai i permessi.<br><b>404 Not Found</b>: Risorsa inesistente."
"[19 Web API] - Cosa significa uno Status Code HTTP 500?";"<b>500 Internal Server Error</b>. Errore lato Server. Significa che il codice C# backend è andato in crash (un'eccezione non gestita, come un motore che fonde in autostrada senza preavviso)."
"[19 Web API] - Cos'è un Controller in una Web API classica?";"È una classe C# che eredita da <code>ControllerBase</code> e gestisce le richieste in entrata per una specifica risorsa, raggruppando i metodi (es. <code>PreventiviController</code> gestisce GET, POST e DELETE dei preventivi)."
"[20 Minimal API] - Cosa sono le Minimal API introdotte in .NET 6+?";"Un modo leggero e ultra-veloce per creare endpoint HTTP senza dover creare l'intera struttura dei Controller. Tutto si configura direttamente nel <code>Program.cs</code>."
"[20 Minimal API] - Come crei un endpoint GET in una Minimal API?";"Usando il metodo <code>app.MapGet()</code>.<br><br><pre style=""background:#282c34; color:#abb2bf; padding:10px; border-radius:5px; white-space:pre-wrap; word-wrap:break-word;""><code>app.MapGet(""/api/moto"", () => ""Yamaha XT1200Z"");</code></pre>"
"[20 Minimal API] - Come leggi un parametro dall'URL (Route Parameter) in una Minimal API?";"Mettendo il parametro tra parentesi graffe nella rotta e passandolo come argomento alla lambda/funzione.<br><br><pre style=""background:#282c34; color:#abb2bf; padding:10px; border-radius:5px; white-space:pre-wrap; word-wrap:break-word;""><code>app.MapGet(""/api/clienti/{id}"", (int id) => TrovaCliente(id));</code></pre>"
"[21 Architettura] - Cos'è la Clean Architecture?";"Un pattern architetturale a cerchi concentrici (o a strati). L'obiettivo è isolare la logica di business (il cuore dell'app) dai dettagli tecnologici esterni (UI, Database, Framework)."
"[21 Architettura] - Qual è la Regola della Dipendenza (Dependency Rule) nella Clean Architecture?";"Le dipendenze nel codice sorgente possono puntare <b>solo verso l'interno</b>. I livelli interni (Domain) non devono sapere ASSOLUTAMENTE NULLA dei livelli esterni (Database, Web API)."
"[21 Architettura] - Quali sono i 4 livelli classici della Clean Architecture?";"Dal più interno al più esterno:<br>1. <b>Domain</b> (Entità base, es. classe Cliente)<br>2. <b>Application</b> (Casi d'uso, es. CreaNuovoPreventivo)<br>3. <b>Infrastructure</b> (Accesso a EF Core, SQLite, File System)<br>4. <b>Presentation</b> (Web API, App MAUI)"
"[21 Architettura] - Nel livello 'Domain' posso usare Entity Framework o librerie esterne?";"<b>ASSOLUTAMENTE NO.</b> Il Domain non ha dipendenze. Deve contenere solo puro codice C# (POCO - Plain Old CLR Objects). Se in futuro cambi EF Core con un altro ORM, il Domain non dovrà essere toccato."
"[21 Architettura] - Cos'è un DTO (Data Transfer Object)?";"Una classe 'stupida' (senza logica) usata solo per trasportare i dati tra i vari livelli o verso l'esterno (es. via API). Serve a non esporre l'intera Entità del database al client."
"[21 Architettura] - Perché non dovrei restituire direttamente le Entità di EF Core tramite API?";"Per motivi di sicurezza e performance. Potresti esporre inavvertitamente dati sensibili (es. la password hashata dell'utente) o causare problemi di serializzazione con relazioni cicliche. Usa sempre un DTO (es. <code>UtenteDto</code>)!"
"[21 Architettura] - Cos'è AutoMapper?";"Una popolare libreria .NET che copia automaticamente i dati da un oggetto all'altro (es. da un'Entità <code>Fattura</code> a un <code>FatturaDto</code>) risparmiandoti di scrivere decine di righe di assegnazione manuale."
"[22 CQRS] - Cos'è il pattern CQRS?";"<b>C</b>ommand and <b>Q</b>uery <b>R</b>esponsibility <b>S</b>egregation. È un pattern che separa nettamente i modelli e le classi usate per LEGGERE i dati (Queries) da quelle usate per SCRIVERE/MODIFICARE i dati (Commands)."
"[22 CQRS] - Perché usare CQRS al posto del classico CRUD?";"Nelle app complesse, le operazioni di lettura (es. mostrare una dashboard finanziaria) richiedono query molto diverse e ottimizzate rispetto alle scritture (es. registrare una spesa). Separarle permette di ottimizzare e scalare i due lati in modo indipendente."
"[22 CQRS] - Cos'è MediatR?";"Una famosissima libreria .NET usata per implementare CQRS e il pattern Mediator. Disaccoppia i Controller/UI dalla logica di business. Tu 'spari' un Comando nel vuoto, e MediatR lo recapita all'Handler corretto."
"[22 CQRS] - Come funziona il flusso base di MediatR?";"1. Crei un <code>Command</code> (es. InserisciSpesa).<br>2. Lo invii: <code>await _mediator.Send(comando);</code><br>3. Un <code>CommandHandler</code> specifico intercetta il comando, esegue la logica (es. salva su DB) e restituisce il risultato."
"[23 Sicurezza] - Differenza tra Autenticazione (Authentication) e Autorizzazione (Authorization)?";"<b>Autenticazione</b>: Risponde a 'Chi sei?' (Es. Fai il login con email e password).<br><b>Autorizzazione</b>: Risponde a 'Cosa puoi fare?' (Es. Sei loggato, ma solo gli Amministratori possono cancellare un utente)."
"[23 Sicurezza] - Cos'è un Token JWT (JSON Web Token)?";"Una stringa sicura generata dal server dopo un login con successo. Il client (l'app MAUI) la salva e la rimanda al server in ogni richiesta successiva (nell'header HTTP) per dimostrare chi è, senza dover reinserire la password."
"[23 Sicurezza] - Quali sono le 3 parti di un JWT?";"1. <b>Header</b> (Algoritmo usato).<br>2. <b>Payload</b> (I dati dell'utente, detti Claims, es. ID o Ruolo).<br>3. <b>Signature</b> (Firma crittografica generata con una chiave segreta del server, per garantire che il token non sia stato manomesso)."
"[23 Sicurezza] - Devo mai salvare una password in chiaro nel Database?";"<b>MAI.</b> Nemmeno per un progetto scolastico. Le password vanno sempre <b>hashate</b> (unidirezionali) insieme a un <b>Salt</b> (una stringa casuale aggiunta prima dell'hashing per difendersi dagli attacchi Rainbow Table)."
"[23 Sicurezza] - Hashing vs Encryption (Cifratura): Qual è la differenza?";"<b>Encryption</b> è bidirezionale: puoi criptare un testo e, se hai la chiave, decriptarlo per rileggere l'originale.<br><b>Hashing</b> è unidirezionale: trasformi una password in una stringa alfanumerica, ma è (matematicamente) impossibile fare il processo inverso."
"[24 EF Core Avanzato] - Cos'è il problema 'N+1 Query' in Entity Framework?";"Un calo drastico di performance causato dal Lazy Loading. Esegui 1 query per recuperare 100 Clienti, e poi in un ciclo foreach EF lancia altre 100 query separate per caricare le fatture di ogni singolo cliente (101 query totali invece di 1)."
"[24 EF Core Avanzato] - Come previeni il problema N+1 in EF Core?";"Usando l'Eager Loading tramite il metodo <code>.Include()</code>. Costringe EF a fare un'unica grossa query (una JOIN SQL) portando a casa subito sia i Clienti che le loro Fatture.<br><br><pre style=""background:#282c34; color:#abb2bf; padding:10px; border-radius:5px; white-space:pre-wrap; word-wrap:break-word;""><code>var clienti = db.Clienti.Include(c => c.Fatture).ToList();</code></pre>"
"[24 EF Core Avanzato] - Differenza tra IQueryable e IEnumerable quando filtri i dati dal DB?";"Se fai <code>.Where()</code> su <b>IQueryable</b>, il filtro viene tradotto in SQL (<code>WHERE</code>) ed eseguito dal DB (veloce).<br>Se lo fai su <b>IEnumerable</b> (es. dopo un <code>.ToList()</code>), scarichi TUTTA la tabella in RAM e poi la filtri in memoria (lento e blocca il server)."
"[25 Advanced MAUI] - Cos'è il pattern Singleton nell'App.xaml.cs di MAUI?";"È un posto ideale per istanziare classi o database locali (come SQLite) che devono essere creati una sola volta e rimanere vivi per tutta la durata dell'apertura dell'app."
"[25 Advanced MAUI] - In MAUI, come salvi piccoli dati permanenti in modo veloce (es. Preferenze utente)?";"Usando <code>Preferences.Set()</code> e <code>Preferences.Get()</code>. Ottimo per salvare stringhe, bool (es. Tema Scuro attivo) o numeri, senza dover montare un intero database SQLite."
"[25 Advanced MAUI] - Cos'è il SecureStorage in MAUI?";"Un'API simile alle Preferences, ma i dati vengono criptati usando il portachiavi nativo del dispositivo (Keystore su Android, Keychain su iOS). <b>Da usare assolutamente</b> per salvare i JWT Token o dati finanziari sensibili."
"[26 Delegati ed Eventi] - Cos'è un Delegato (Delegate)?";"È un tipo che rappresenta in modo sicuro un puntatore a un metodo. Ti permette di passare un metodo come parametro ad un altro metodo.<br><br><pre style=""background:#282c34; color:#abb2bf; padding:10px; border-radius:5px; white-space:pre-wrap; word-wrap:break-word;""><code>public delegate void LogMotore(string msg);</code></pre>"
"[26 Delegati ed Eventi] - Cos'è 'Action<T>'?";"È un delegato predefinito da .NET che <b>non restituisce alcun valore (void)</b>. Può accettare da 0 a 16 parametri.<br><br><pre style=""background:#282c34; color:#abb2bf; padding:10px; border-radius:5px; white-space:pre-wrap; word-wrap:break-word;""><code>Action&lt;string&gt; stampaErrore = msg => Console.WriteLine(msg);</code></pre>"
"[26 Delegati ed Eventi] - Cos'è 'Func<T, TResult>'?";"È un delegato predefinito che <b>restituisce sempre un valore</b>. L'ultimo parametro specificato è sempre il tipo di ritorno.<br><br><pre style=""background:#282c34; color:#abb2bf; padding:10px; border-radius:5px; white-space:pre-wrap; word-wrap:break-word;""><code>Func&lt;decimal, decimal, decimal&gt; calcolaIva = (prezzo, iva) => prezzo * iva;</code></pre>"
"[26 Delegati ed Eventi] - Cos'è 'Predicate<T>'?";"Un delegato speciale (simile a Func) che prende un oggetto e restituisce <b>sempre un booleano (true/false)</b>. Usatissimo in LINQ o nel metodo <code>.FindAll()</code> delle Liste."
"[26 Delegati ed Eventi] - Qual è la differenza tra un Delegato e un 'event'?";"L'<code>event</code> è un livello di protezione applicato sopra un delegato. Impedisce alle classi esterne di richiamare l'evento (solo la classe che lo possiede può 'lanciarlo') o di azzerare la lista degli iscritti (usando = invece di +=)."
"[27 Testing xUnit e Moq] - Cos'è il TDD (Test-Driven Development)?";"Una metodologia di sviluppo divisa in 3 fasi (Red, Green, Refactor):<br>1. Scrivi prima un test che <b>fallisce</b>.<br>2. Scrivi il codice minimo indispensabile per farlo <b>passare</b>.<br>3. Ottimizzi (Refactoring) mantenendo il test verde."
"[27 Testing xUnit e Moq] - In xUnit, qual è la differenza tra [Fact] e [Theory]?";"<b>[Fact]</b> testa una singola condizione fissa, senza parametri in ingresso.<br><b>[Theory]</b> esegue lo stesso test multipli volte passandogli set di dati diversi tramite l'attributo <code>[InlineData]</code>."
"[27 Testing xUnit e Moq] - Esempio di un test parametrico in xUnit?";"Usi [Theory] e [InlineData].<br><br><pre style=""background:#282c34; color:#abb2bf; padding:10px; border-radius:5px; white-space:pre-wrap; word-wrap:break-word;""><code>[Theory]<br>[InlineData(2.0, ""Sgonfia"")]<br>[InlineData(2.5, ""OK"")]<br>public void ControlloGomme_Test(double bar, string expected) { ... }</code></pre>"
"[27 Testing xUnit e Moq] - Nella libreria Moq, a cosa serve '.Setup()'?";"Serve a istruire il finto oggetto (Mock) su come deve comportarsi. <br>Es: ""Se la logica ti chiede di leggere l'olio, tu restituisci sempre 100, senza guardare il DB vero"".<br><br><pre style=""background:#282c34; color:#abb2bf; padding:10px; border-radius:5px; white-space:pre-wrap; word-wrap:break-word;""><code>mockRepo.Setup(x => x.GetLivelloOlio()).Returns(100);</code></pre>"
"[27 Testing xUnit e Moq] - Nella libreria Moq, a cosa serve '.Verify()'?";"Serve a controllare (nell'Assert) che il tuo codice abbia <b>effettivamente richiamato</b> un certo metodo del Mock. Utile per verificare che il metodo di salvataggio sia stato invocato."
"[28 C# Avanzato] - Cos'è la Reflection?";"Una funzionalità avanzata che permette a un programma C# di ispezionare se stesso a runtime. Puoi leggere il nome delle classi, scoprire quali metodi hanno o instanziarle senza usare <code>new</code>."
"[28 C# Avanzato] - Cosa sono gli Attributi (Attributes)?";"Sono metadati (etichette) che aggiungi al codice (classi, proprietà, metodi) tra parentesi quadre. La Reflection o i framework li leggono per decidere cosa fare.<br><br><pre style=""background:#282c34; color:#abb2bf; padding:10px; border-radius:5px; white-space:pre-wrap; word-wrap:break-word;""><code>[Obsolete(""Usa il nuovo metodo V2"")]<br>public void TagliandoVecchio() { }</code></pre>"
"[28 C# Avanzato] - Quando usare 'yield return' invece di riempire una List<T>?";"Quando hai collezioni <b>enormi</b> (es. migliaia di log dal macchinario in officina). <code>yield return</code> genera e restituisce un solo elemento alla volta su richiesta (Deferred Execution), tenendo la memoria RAM quasi a zero."
"[28 C# Avanzato] - Cos'è 'Span<T>' in C#?";"Una struct super-ottimizzata per accedere a porzioni contigue di memoria (es. Array o Stringhe) <b>senza allocare nuovi oggetti nell'Heap</b>. Usatissimo per app ad altissime prestazioni per azzerare il lavoro del Garbage Collector."
"[28 C# Avanzato] - Cos'è il Property Pattern Matching (C# 8+)?";"Permette di fare switch valutando direttamente le proprietà interne di un oggetto in modo pulitissimo.<br><br><pre style=""background:#282c34; color:#abb2bf; padding:10px; border-radius:5px; white-space:pre-wrap; word-wrap:break-word;""><code>string via = moto switch {<br>  { Modello: ""XT1200Z"", Gomme: ""Tassellate"" } => ""Pratomollo"",<br>  { Modello: ""R1"" } => ""Pista"",<br>  _ => ""SS45""<br>};</code></pre>"
"[29 Pattern Architetturali 2] - Cos'è lo State Pattern?";"Permette a un oggetto di cambiare il proprio comportamento quando cambia il suo stato interno (es. le mappature Touring / Sport della moto: il metodo 'Accelera' fa cose diverse in base allo stato attivo)."
"[29 Pattern Architetturali 2] - Cos'è il Template Method Pattern?";"La classe padre definisce l'algoritmo generale (lo 'scheletro') in un metodo principale, ma lascia che siano le classi figlie a implementare (con override) i singoli passaggi specifici."
"[29 Pattern Architetturali 2] - Cos'è il pattern Chain of Responsibility?";"Passa una richiesta (es. un'autenticazione HTTP) lungo una 'catena' di gestori. Ogni gestore decide se elaborare la richiesta o passarla al gestore successivo."
"[29 Pattern Architetturali 2] - Differenza tra pattern Facade e Adapter?";"La <b>Facade</b> semplifica un sistema complesso creando una singola interfaccia pulita (come il cruscotto della moto che nasconde i sensori).<br>L'<b>Adapter</b> traduce l'interfaccia incompatibile di una classe in un'interfaccia che il cliente si aspetta (come un adattatore OBD2)."
"[30 Web API Pro] - Cos'è un Middleware in ASP.NET Core?";"Un pezzo di software (es. Gestione Errori, Autenticazione, CORS) assemblato nella 'Pipeline' dell'app. Gestisce la richiesta HTTP in entrata e la risposta in uscita (simile alla Chain of Responsibility)."
"[30 Web API Pro] - Cos'è il CORS (Cross-Origin Resource Sharing)?";"Un sistema di sicurezza dei browser che impedisce a un'app web ospitata su 'dominioA.com' di fare chiamate API verso 'dominioB.com', a meno che 'dominioB' non abbia esplicitamente autorizzato 'dominioA' tramite gli Header CORS."
"[30 SQL Avanzato] - Differenza tra le clausole WHERE e HAVING?";"<b>WHERE</b> filtra le singole righe <i>prima</i> di qualsiasi raggruppamento (GROUP BY).<br><b>HAVING</b> filtra i risultati <i>dopo</i> che i dati sono stati raggruppati (es. mostrami solo i mesi in cui le SpeseTotali > 1000)."
"[31 MAUI Pro] - In MAUI, a cosa serve 'WeakReferenceMessenger' (o l'ex MessagingCenter)?";"Permette la comunicazione (Publish/Subscribe) tra due ViewModel (o due pagine) che non si conoscono tra loro, mantenendoli totalmente disaccoppiati (es. La pagina 'Aggiungi Spesa' avvisa la 'Home' di aggiornare il totale)."
"[31 MAUI Pro] - Cosa sono i Custom Handlers in MAUI?";"L'architettura moderna (sostituisce i Custom Renderers di Xamarin) per mappare un controllo astratto (es. un Entry) alla sua vera controparte nativa (es. EditText su Android o UITextField su iOS). Permette di personalizzare i componenti nativi."
"[31 MAUI Pro] - Come fai ad assegnare colori diversi se il telefono è in Modalità Scura (Dark Mode) in XAML?";"Usando l'estensione di markup <code>AppThemeBinding</code>.<br><br><pre style=""background:#282c34; color:#abb2bf; padding:10px; border-radius:5px; white-space:pre-wrap; word-wrap:break-word;""><code>&lt;Label Text=""Totale""<br>  TextColor=""{AppThemeBinding Light=Black, Dark=White}"" /&gt;</code></pre>"
"[31 MAUI Pro] - Come puoi leggere la risoluzione/dimensione dello schermo del telefono in MAUI?";"Tramite la classe statica DeviceDisplay.<br><br><pre style=""background:#282c34; color:#abb2bf; padding:10px; border-radius:5px; white-space:pre-wrap; word-wrap:break-word;""><code>var width = DeviceDisplay.MainDisplayInfo.Width;</code></pre>"
"[31 OOP] - Cos'è l'Inversion of Control (IoC) e qual è la differenza con la Dependency Injection (DI)?";"L'<b>IoC</b> è il Principio filosofico: togliere a una classe il controllo sulla creazione degli oggetti di cui ha bisogno.<br>La <b>DI</b> (Dependency Injection) è la tecnica pratica (il Design Pattern) usata per implementare l'IoC nel codice (passando le interfacce nei costruttori)."
"[31 EF Core] - Differenza tra approccio Code-First e Database-First?";"<b>Code-First</b>: Scrivi prima le classi in C# e usi le Migrations per far creare al framework le tabelle SQL vuote.<br><b>Database-First</b>: Hai già un DB SQL bello e fatto e usi un comando (Scaffold) per generare in automatico le classi C#."
"[32 Microservizi] - Cosa sono i Microservizi?";"Un'architettura che divide un'app enorme (Monolite) in piccoli servizi indipendenti (es. ServizioFatturazione, ServizioUtenti). Ognuno ha il proprio DB e può essere aggiornato senza spegnere gli altri. Come i moduli separati della tua XT1200Z (centralina ABS, cruscotto, iniezione) che comunicano tra loro."
"[32 Microservizi] - Cos'è un API Gateway?";"È il punto di ingresso unico per tutti i client (App MAUI, Web). Invece di far chiamare all'app 10 microservizi diversi, l'app chiama il Gateway, che si occupa di smistare il traffico al servizio corretto. Funge da 'blocchetto di accensione'."
"[32 Microservizi] - Cos'è il pattern 'Circuit Breaker' (es. libreria Polly)?";"Previene i guasti a cascata. Se un microservizio (es. Pagamenti) è giù, il Circuit Breaker 'scatta' (come un fusibile in officina) bloccando le chiamate verso quel servizio e restituendo un errore predefinito, evitando che tutto il sistema si blocchi in attesa."
"[32 Microservizi] - Come comunicano di solito i Microservizi in modo asincrono?";"Tramite <b>Message Brokers</b> (es. RabbitMQ o Azure Service Bus). Il servizio A pubblica un evento ('FatturaCreata') su una coda, e il servizio B (quando è pronto) lo legge e agisce. Garantisce disaccoppiamento totale."
"[33 Blazor] - Qual è la differenza principale tra Blazor Server e Blazor WebAssembly (WASM)?";"<b>Server</b>: Il codice C# gira sul server. La UI nel browser viene aggiornata tramite una connessione costante (SignalR). Veloce da caricare, ma richiede connessione continua.<br><b>WASM</b>: Il codice C# viene scaricato ed eseguito <i>direttamente nel browser</i> dell'utente. Più lento al primo avvio, ma funziona anche offline."
"[33 Blazor] - A cosa serve il metodo 'OnInitializedAsync' in un componente Blazor?";"È il primo metodo del ciclo di vita che viene chiamato quando il componente è pronto per eseguire logica asincrona (es. fare una chiamata API per scaricare i dati prima di renderizzare la pagina). L'equivalente di girare la chiave nel quadro prima di accendere."
"[33 Blazor] - Cos'è l'EventCallback in Blazor?";"È il modo in cui un componente Figlio comunica col componente Padre. Il Figlio espone un <code>[Parameter] public EventCallback OnClick { get; set; }</code>, e il Padre gli passa il metodo da eseguire."
"[33 Blazor] - Come eviti rendering inutili in componenti Blazor complessi?";"Sovrascrivendo il metodo <code>ShouldRender()</code> e facendogli restituire <i>false</i> se sai che i dati non sono cambiati. Ottimizzazione fondamentale per dashboard pesanti come quelle di MotoLogPro."
"[34 Sicurezza Avanzata] - Cos'è l'RBAC (Role-Based Access Control)?";"Un sistema di autorizzazione basato sui <b>Ruoli</b>. Gli utenti vengono assegnati a ruoli (es. Admin, Meccanico, Cliente), e le API o le pagine Blazor verificano il ruolo prima di concedere l'accesso.<br><br><pre style=""background:#282c34; color:#abb2bf; padding:10px; border-radius:5px; white-space:pre-wrap; word-wrap:break-word;""><code>[Authorize(Roles = ""Meccanico"")]<br>public IActionResult GeneraPreventivo()</code></pre>"
"[34 Sicurezza Avanzata] - Cos'è un 'Claim' nell'autenticazione .NET?";"Un pezzo di informazione certificata su un utente (es. Nome = Marco, Patente = A, AnniEsperienza = 15). I ruoli sono in realtà solo un tipo specifico di Claim. Permette politiche di accesso molto più precise del semplice 'Ruolo'."
"[34 Sicurezza Avanzata] - Cos'è il CORS preflight request (chiamata OPTIONS)?";"Prima di fare una richiesta HTTP complessa (es. POST con JSON) tra domini diversi, il browser fa una finta chiamata preliminare invisibile usando il verbo <code>OPTIONS</code> per chiedere al server: 'Mi permetti di fare questa POST?'. Se il CORS del backend non è configurato bene, la richiesta fallisce."
"[35 C# Moderno] - Cosa sono i Primary Constructors (C# 12)?";"Permettono di dichiarare i parametri del costruttore direttamente nella definizione della classe, azzerando il codice boilerplate (ottimo per la Dependency Injection).<br><br><pre style=""background:#282c34; color:#abb2bf; padding:10px; border-radius:5px; white-space:pre-wrap; word-wrap:break-word;""><code>public class OfficinaService(ILogger logger, AppDbContext db)<br>{<br>    public void Lavora() => logger.Log(""Inizio"");<br>}</code></pre>"
"[35 C# Moderno] - Cosa sono le Collection Expressions (C# 12+)?";"Una sintassi unificata e super pulita per creare e inizializzare collezioni (Array, Liste, Span) usando le parentesi quadre.<br><br><pre style=""background:#282c34; color:#abb2bf; padding:10px; border-radius:5px; white-space:pre-wrap; word-wrap:break-word;""><code>int[] marce = [1, 2, 3, 4, 5, 6];<br>List&lt;string&gt; moto = [""XT1200Z"", ""Africa Twin""];</code></pre>"
"[35 C# Moderno] - Cos'è lo spread operator '..' nelle collezioni (C# 12)?";"Permette di 'spalmare' gli elementi di una collezione dentro un'altra collezione in modo istantaneo.<br><br><pre style=""background:#282c34; color:#abb2bf; padding:10px; border-radius:5px; white-space:pre-wrap; word-wrap:break-word;""><code>int[] vecchi = [1, 2];<br>int[] nuovi = [0, ..vecchi, 3]; // Risultato: 0, 1, 2, 3</code></pre>"
"[35 C# Moderno] - A cosa serve la keyword 'required' (C# 11)?";"Forza chiunque istanzi la classe a valorizzare obbligatoriamente quella proprietà durante l'inizializzazione dell'oggetto, prevenendo errori a runtime.<br><br><pre style=""background:#282c34; color:#abb2bf; padding:10px; border-radius:5px; white-space:pre-wrap; word-wrap:break-word;""><code>public class Utente { public required string Email { get; set; } }</code></pre>"
"[35 C# Moderno] - Cos'è una 'Raw String Literal' (C# 11)?";"Si crea usando tre o più virgolette. Permette di incollare blocchi di testo multi-riga (come query SQL, JSON o HTML) ignorando qualsiasi carattere speciale. Fine degli incubi di formattazione!<br><br><pre style=""background:#282c34; color:#abb2bf; padding:10px; border-radius:5px; white-space:pre-wrap; word-wrap:break-word;""><code>var testo = """"""Questo è un ""raw string literal"". Può contenere caratteri come \, ' e "". Addio escape!"""""";</code></pre>"
"[36 Performance] - Differenza tra 'IEnumerable' e 'IReadOnlyCollection'?";"Se esponi una proprietà come <code>IEnumerable</code>, chi la chiama sa solo che può iterarla. Se usi <code>IReadOnlyCollection</code>, sa che può iterarla <b>E</b> sa quanti elementi ci sono (proprietà <code>.Count</code>) senza doverla per forza enumerare tutta."
"[36 Performance] - Perché usare 'StringBuilder' invece di concatenare stringhe con il '+' in un ciclo lungo?";"Le stringhe in C# sono <b>immutabili</b>. Se usi <code>+</code> in un ciclo da 1000 iterazioni, crei 1000 nuovi oggetti in memoria che il Garbage Collector dovrà spazzare via. <code>StringBuilder</code> gestisce la memoria dinamicamente, evitando sprechi enormi."
"[36 Performance] - Cos'è il Connection Pooling in ADO.NET / EF Core?";"Aprire una connessione al DB costa tempo e risorse (come avviare un motore a freddo). Il Connection Pooling tiene un 'serbatoio' di connessioni già aperte in background. Quando la tua app chiede una connessione, gliene viene data una già calda."
"[36 Performance] - Perché si usa il pattern 'Pagination' (Paginazione) nelle API REST?";"Se un client chiede l'elenco dei preventivi e nel DB ce ne sono 100.000, restituirli tutti in una GET fa esplodere la RAM del server e del client. La paginazione (tramite <code>Skip()</code> e <code>Take()</code>) restituisce blocchi gestibili (es. 50 alla volta)."
"[37 Colloquio Senior & Architect] - Cos'è il 'Debito Tecnico' spiegato con mentalità da Architect?";"È come un prestito in banca: utile per accelerare un rilascio (MVP) e andare sul mercato, ma va pagato con gli 'interessi' (refactoring). Se lo ignori, porta l'azienda alla bancarotta tecnologica (il codice diventa inmanutenibile)."
"[37 Colloquio Senior & Architect] - Qual è la differenza tra Accoppiamento (Coupling) e Coesione?";"<b>Accoppiamento</b>: quanto i moduli dipendono l'uno dall'altro. Se alto, è come avere pezzi saldati al telaio: non puoi cambiare un iniettore senza smontare mezzo motore (Male).<br><b>Coesione</b>: quanto i compiti dentro un modulo sono focalizzati. Una pompa dell'olio non fa da alternatore (Bene, Single Responsibility)."
"[37 Colloquio Senior & Architect] - Perché in sistemi ad alte prestazioni non si dovrebbero lanciare Eccezioni per la logica di business?";"Lanciare un'eccezione (<code>throw</code>) è un'operazione costosissima per la CPU e la memoria (allocazione dello stack trace). Per gli errori previsti (es. 'Utente non trovato'), è meglio usare il <b>Result Pattern</b> e restituire un oggetto che indica successo o fallimento."
"[37 Colloquio Senior & Architect] - Come gestisci le connessioni HTTP in sistemi ad alto throughput?";"MAI istanziare nuovi <code>HttpClient</code> per ogni richiesta (causa l'esaurimento dei socket TCP - <i>Socket Exhaustion</i>). Usa sempre <b>IHttpClientFactory</b> per gestire il pool di handler e il riciclo corretto delle connessioni DNS."
"[37 Colloquio Senior & Architect] - Come gestisci l'upload di file di enormi dimensioni (GB) senza far crashare il server (OOM)?";"<b>Mai caricare l'intero file in RAM</b> (né in un <code>byte[]</code> né in un <code>MemoryStream</code>). Devi usare lo <b>Streaming</b>: leggi lo stream della richiesta HTTP chunk per chunk e scrivilo direttamente su disco (o Blob Storage) man mano che arriva."
"[37 Colloquio Senior & Architect] - EF Core: Come previeni query inefficienti su tabelle con milioni di righe?";"1. <b>.Select()</b> per proiettare solo le colonne necessarie.<br>2. <b>.AsNoTracking()</b> per le query di sola lettura.<br>3. Evitare il lazy loading (rischio N+1).<br>4. Usare <b>Keyset Pagination</b> invece del classico offset (Skip/Take)."
"[37 Colloquio Senior & Architect] - EF Core: Perché la paginazione con Skip() e Take() (Offset) diventa lenta su grandi dataset? E qual è l'alternativa?";"Lo <code>Skip()</code> costringe il database a scansionare (e poi scartare) tutti i record precedenti. L'alternativa è la <b>Keyset Pagination</b>: ricordarsi l'ultimo ID letto e chiedere i successivi.<br><br><pre style=""background:#282c34; color:#abb2bf; padding:10px; border-radius:5px; white-space:pre-wrap; word-wrap:break-word;""><code>.Where(x => x.Id > ultimoId).Take(50)</code></pre>"
"[37 Colloquio Senior & Architect] - EF Core: Cos'è la 'Cartesian Explosion' e come si risolve?";"Avviene quando usi <code>.Include()</code> su più collezioni figlie. EF Core genera un'unica query SQL con JOIN massicce che duplicano i dati del padre per ogni figlio, intasando la rete. Si risolve aggiungendo <b>.AsSplitQuery()</b>, che divide l'operazione in query separate più leggere."
"[37 Colloquio Senior & Architect] - Come imponi la qualità del codice su un team numeroso in modo automatico?";"La qualità non si fa (solo) a parole.<br>1. <b>Static Analysis</b>: SonarQube nella pipeline CI/CD.<br>2. <b>Quality Gates</b>: La build fallisce se la Code Coverage è bassa o ci sono bug critici.<br>3. <b>EditorConfig</b>: Per forzare le regole di formattazione direttamente nell'IDE dei dev."
"[37 Colloquio Senior & Architect] - Cita 3 domande 'Killer' da fare all'azienda a fine colloquio per dimostrare mentalità architettonica.";"1. <i>'Qual è il vostro approccio al Disaster Recovery? Se cade il DB, in quanto torniamo online?'</i><br>2. <i>'Come gestite il versionamento delle API per non rompere i client legacy?'</i><br>3. <i>'Qual è il bilanciamento tra test di integrazione e unit test nella vostra pipeline?'</i>"
"[38 I Pilastri dei Maestri] - Cosa significa 'La premature optimization è la radice di tutti i mali' (D. Knuth)?";"Non complicare l'architettura per guadagnare microsecondi prima di aver misurato dove sta il vero collo di bottiglia. <br><br><b>La regola:</b> Prima fallo funzionare, poi rendilo pulito e leggibile, e <i>solo alla fine</i> (se le misurazioni lo richiedono) rendilo veloce. Inutile mappare la centralina se prima non hai pulito i filtri."
"[38 I Pilastri dei Maestri] - Cos'è il principio YAGNI e perché salva la manutenibilità?";"<b>You Aren't Gonna Need It.</b><br>Non scrivere codice per funzionalità future 'che potrebbero servire'. Scrivi solo ciò che è strettamente richiesto oggi. Il codice inutile genera bug, va mantenuto e appesantisce il sistema senza dare valore all'utente."
"[38 I Pilastri dei Maestri] - Qual è la differenza tra il principio DRY (Don't Repeat Yourself) e l'errore dell'Over-DRYing?";"<b>DRY:</b> Avere un'unica fonte di verità per una regola di business.<br><b>Over-DRYing:</b> Unire due blocchi di codice solo perché <i>si somigliano per caso in questo momento</i>, legandoli insieme. Se in futuro dovranno cambiare per motivi diversi, spaccherai il sistema. A volte una piccola duplicazione è meglio dell'accoppiamento sbagliato."
"[38 I Pilastri dei Maestri] - Cos'è la 'Boy Scout Rule' applicata allo sviluppo software?";"<i>'Lascia il campo sempre un po' più pulito di come l'hai trovato'.</i><br>Se apri una classe per correggere un bug, approfittane per rinominare una variabile incomprensibile o estrarre un metodo lungo. Il refactoring continuo è la manutenzione ordinaria del software, previene il debito tecnico."
"[38 I Pilastri dei Maestri] - Cos'è il principio 'Tell, Don't Ask' (Martin Fowler)?";"Invece di chiedere i dati a un oggetto per poi prendere decisioni al posto suo (Ask), <b>'ordina' all'oggetto di eseguire l'azione internamente (Tell)</b>.<br>Mantiene la logica incapsulata. Non chiedere alla 'Moto' quanti litri ha per calcolare l'autonomia, chiedi direttamente alla 'Moto' di restituirti l'autonomia."
"[38 I Pilastri dei Maestri] - Perché si dice 'Preferire la Composizione all'Ereditarietà' (Gang of Four)?";"L'ereditarietà crea l'accoppiamento più rigido in assoluto (relazione 'È un'). Se sbagli l'albero genealogico, sei fottuto.<br>La composizione (relazione 'Ha un') tramite interfacce permette di assemblare e scambiare comportamenti a runtime come pezzi di Lego, senza rompere il sistema."
"[38 I Pilastri dei Maestri] - Quali sono le 3 regole d'oro per dare il nome a una variabile o metodo (Naming)?";"1. Deve <b>rivelare l'intento</b> (perché esiste?).<br>2. <b>Niente disinformazione</b> (non chiamare `List` ciò che è un `Array`).<br>3. <b>Zero commenti</b>: se serve un commento per spiegare il nome, il nome è sbagliato. Un buon nome è un'etichetta chiara sul cassetto degli attrezzi."
"[38 I Pilastri dei Maestri] - Cos'è la Legge di Demetra (Principio della minima conoscenza)?";"Un oggetto dovrebbe parlare solo con i suoi 'amici stretti', non con gli 'amici degli amici'.<br>Vieta le chiamate a catena tipo <code>auto.Motore.Cilindri.AggiungiOlio()</code>. L'oggetto Auto dovrebbe esporre un metodo diretto <code>auto.AggiungiOlio()</code>. Riduce l'accoppiamento."
"[38 I Pilastri dei Maestri] - Cos'è il principio 'Fail Fast' (Fallisci Velocemente)?";"Se qualcosa deve andare storto, fai in modo che il software <b>si blocchi subito e in modo rumoroso</b>, piuttosto che trascinare dati corrotti per chilometri. Si applica validando gli input all'inizio dei metodi (Guard Clauses) e lanciando eccezioni chiare alla radice del problema."
"[38 I Pilastri dei Maestri] - Qual è la differenza tra un 'buon commento' e un 'cattivo commento' nel codice?";"Il codice ben scritto spiega <b>COME</b> lo stai facendo.<br>Un <i>buon commento</i> spiega il <b>PERCHÉ</b> (decisioni di business, motivazioni per un hack temporaneo, link a ticket).<br>Un <i>cattivo commento</i> spiega cosa fa il codice (se il codice non si capisce da solo, devi rifattorizzarlo, non commentarlo)."
"[38 I Pilastri dei Maestri] - Come agevoli il lavoro del Garbage Collector senza fare micro-ottimizzazioni ridicole?";"La regola d'oro: <b>Il miglior codice per il GC è quello che non alloca memoria nell'Heap.</b><br>Riutilizza gli oggetti esistenti, preferisci <code>struct</code> (che vanno nello Stack) per piccoli dati usa-e-getta, evita di concatenare stringhe in cicli (usa StringBuilder) e occhio alle chiusure (closures) nelle lambda."
"[38 I Pilastri dei Maestri] - Perché preferire lo stato 'Immutabile' (es. classi senza setter o Record) ove possibile?";"Gli oggetti immutabili sono <b>Thread-Safe per natura</b>, non causano 'effetti collaterali' imprevisti e rendono il debug facilissimo. Se crei un preventivo immutabile, hai la garanzia matematica che nessun'altra parte del sistema lo altererà a tua insaputa."
"[38 I Pilastri dei Maestri] - Cosa sono i 'Magic Numbers / Strings' e perché sono un debito tecnico letale?";"Sono valori numerici o stringhe 'sparati' direttamente nel codice (es. <code>if (stato == 3)</code>).<br>Vanno estratti in Costanti o Enum con nomi espliciti (es. <code>if (stato == StatoMotore.Fuso)</code>). Danno significato logico e rendono le future modifiche centralizzate."
"[38 I Pilastri dei Maestri] - Cos'è il pattern 'Return Early' (Guard Clauses) e come migliora la logica?";"Consiste nell'invertire gli <code>if</code> all'inizio del metodo per gestire subito i casi di errore o uscita, facendo <code>return</code> immediato.<br>Elimina l'indentazione profonda ('Arrow Code') e rende il 'percorso felice' (Happy Path) del metodo pulito ed evidente alla fine."
"[38 I Pilastri dei Maestri] - Cos'è un 'Boundary' (Confine) nel design di un sistema (Clean Architecture)?";"È una linea invisibile che separa le cose che contano (la logica vitale della tua officina) dai dettagli esterni (il framework, il DB SQLite, il web).<br><b>Regola d'oro:</b> La logica interna non deve mai conoscere o dipendere dai dettagli di chi sta oltre il confine."
"[38 I Pilastri dei Maestri] - Qual è il rapporto tra il tempo speso a LEGGERE codice rispetto a SCRIVERLO, e come influisce sul lavoro?";"Il rapporto è circa <b>10 a 1</b> (leggiamo costantemente per capire dove fare la modifica).<br>Per questo, ottimizzare per la leggibilità (nomi chiari, metodi di 5 righe) non è uno spreco di tempo, ma è <b>l'unico modo per andare veloci in futuro</b>."
"[38 I Pilastri dei Maestri] - Cos'è la Separation of Concerns (Separazione delle responsabilità / SoC)?";"Significa dividere il software in sezioni dove ognuna affronta un problema specifico e isolato.<br>La View (XAML) disegna, il ViewModel prepara i dati, il Repository li salva sul DB. Nessuna sovrapposizione. Se cambi grafica, il DB non se ne accorge."
"[38 I Pilastri dei Maestri] - Cos'è il 'Big Ball of Mud' (Grande Palla di Fango) nell'architettura software?";"Il destino di ogni progetto senza una guida forte. Variabili globali ovunque, dati non incapsulati, UI mescolata alle query SQL.<br>Succede quando non si gestisce il Debito Tecnico e si procede solo a 'patch' veloci per rispettare le scadenze."
"[38 I Pilastri dei Maestri] - Cos'è una 'Pure Function' (Funzione Pura) e perché rende il codice solido a prova di bomba?";"È un metodo che rispetta 2 regole:<br>1) Per gli stessi input, restituisce <b>sempre</b> lo stesso output.<br>2) Non ha <b>Side-Effects</b> (non modifica variabili esterne, DB o file).<br>Sono perfette perché testarle è facilissimo e puoi eseguirle in multithreading senza usare i <code>lock</code>."
"[38 I Pilastri dei Maestri] - In ottica lungimirante, qual è la VERA differenza tra uno Sviluppatore Junior e un Senior/Architect?";"Il Junior si chiede: <i>'Come faccio a far funzionare questa cosa?'</i><br>Il Senior/Architect si chiede: <i>'Come faccio a renderla facile da cancellare, testare e modificare tra 2 anni quando le specifiche cambieranno?'</i>. L'architettura è l'arte di lasciare le opzioni aperte il più a lungo possibile."
"[38 I Pilastri dei Maestri] - Cos'è la 'Rule of Three' nel Refactoring e come previene codice rigido?";"Non estrarre codice duplicato la prima o la seconda volta che lo scrivi. Estrailo solo la <b>terza</b> volta che vedi lo stesso pattern. Anticipare troppo l'estrazione crea astrazioni sbagliate. Prima di saldare una maschera per un pezzo speciale, assicurati che ti serva davvero produrlo in serie."
"[38 I Pilastri dei Maestri] - Cos'è l'Accoppiamento Temporale (Temporal Coupling) e come si elimina?";"Avviene quando sei costretto a chiamare i metodi in un ordine preciso (es. <code>Init()</code> prima di <code>Esegui()</code>). È una bomba a orologeria.<br><b>Soluzione:</b> Usa il costruttore per richiedere tutte le dipendenze iniziali. Se un oggetto viene istanziato, deve essere garantito che sia già pronto all'uso."
"[38 I Pilastri dei Maestri] - Cos'è l'Idempotenza nello sviluppo API e perché ti salva la vita?";"Un'operazione è idempotente se eseguirla 1 volta o 100 volte produce <b>lo stesso identico risultato finale</b>. Fondamentale per le reti instabili: se l'app perde il segnale e ritenta un pagamento, l'idempotenza garantisce che il cliente non pagherà due volte."
"[38 I Pilastri dei Maestri] - Nel Domain-Driven Design (DDD), qual è la differenza logica tra Entity e Value Object?";"<b>Entity:</b> Ha un'identità unica (ID) che persiste anche se gli cambi i pezzi (es. la tua moto XT1200Z).<br><b>Value Object:</b> Immutabile, non ha ID, conta solo il suo valore (es. '100 Euro' o il colore 'Rosso'). Se lo cambi, ne stai concettualmente creando uno nuovo."
"[38 I Pilastri dei Maestri] - Cos'è l'Ubiquitous Language (Linguaggio Onnipresente) nel DDD?";"Il codice deve parlare la lingua del business. Non chiamare una variabile <code>CustomerVehicleData</code> se in officina tutti lo chiamano <code>LibrettoMoto</code>. Riduce le incomprensioni tra chi programma e chi usa il software."
"[38 I Pilastri dei Maestri] - A cosa servono i 'Feature Toggles' (o Feature Flags)?";"Separano il <b>Deploy</b> (mettere il codice in produzione) dalla <b>Release</b> (renderlo visibile agli utenti). Ti permettono di rilasciare una feature spenta, testarla su te stesso, e accenderla con una spunta. Se qualcosa esplode, la spegni all'istante senza fare rollback del codice."
"[38 I Pilastri dei Maestri] - Cos'è lo 'Strangler Fig Pattern' per gestire i sistemi legacy (vecchi)?";"Come si smantella un vecchio gestionale monolitico? Riscriverlo da zero fallisce sempre. Lo Strangler Fig prevede di costruire le nuove API pezzo per pezzo <i>attorno</i> al vecchio, deviando il traffico gradualmente, finché il vecchio non muore 'strangolato'. Zero downtime."
"[38 I Pilastri dei Maestri] - Cos'è l'Object Pooling per le prestazioni di memoria estrema?";"Invece di istanziare e distruggere oggetti pesanti (es. array giganti per manipolare immagini o file stream), tieni un 'cestello' di oggetti già pronti. Li prendi, li pulisci, li usi e li rimetti nel cestello. Elimini quasi totalmente il lavoro del Garbage Collector."
"[38 I Pilastri dei Maestri] - Cos'è l'Hardware Sympathy? Perché un Array è molto più veloce di una LinkedList?";"L'hardware sympathy è scrivere codice assecondando la fisica della CPU. Un <code>Array</code> salva i dati in <b>memoria contigua</b>: la CPU li carica tutti in blocco nella sua Cache L1 velocissima. La <code>LinkedList</code> sparpaglia i nodi nella RAM, costringendo la CPU ad aspettare."
"[38 I Pilastri dei Maestri] - Cos'è il pattern 'Retry with Exponential Backoff and Jitter'?";"Se un server è giù, ritentare subito a raffica significa auto-fargli un attacco DDoS. Si ritenta dopo 1s, poi 2s, poi 4s (<b>Exponential</b>), aggiungendo un delay casuale (<b>Jitter</b>) per evitare che 1000 app ritentino tutte nell'esatto stesso millisecondo."
"[38 I Pilastri dei Maestri] - Cosa dice la 'Legge di Conway' sull'architettura?";"<i>'I sistemi software replicano le strutture di comunicazione delle organizzazioni che li creano'</i>.<br>Se hai 3 team che si odiano e non si parlano, produrrai un'app con 3 moduli isolati e interfacce terribili. L'architettura è un problema umano, prima che tecnico."
"[38 I Pilastri dei Maestri] - Cos'è un 'Bounded Context' (Contesto Delimitato)?";"Evitare la 'Classe Gigante Onnipotente'. Un <code>Utente</code> nel contesto del <i>Magazzino</i> ha solo ID, Ruolo e Sede. L'<code>Utente</code> nelle <i>Fatture</i> ha PIVA e Indirizzo. Trattali come due modelli separati nei loro rispettivi confini logici."
"[38 I Pilastri dei Maestri] - Cosa afferma il Teorema CAP nei sistemi distribuiti?";"È impossibile avere contemporaneamente <b>C</b>onsistency (dati uguali per tutti), <b>A</b>vailability (sistema online) e <b>P</b>artition Tolerance (tolleranza ai guasti di rete). Quando il DB cade, devi scegliere: o blocchi tutto (sacrifichi l'Availability) o mostri dati temporaneamente vecchi (sacrifichi la Consistency)."
"[38 I Pilastri dei Maestri] - Cos'è il principio CQS (Command-Query Separation)?";"Ogni metodo dovrebbe essere o un <b>Comando</b> (modifica il sistema ma restituisce <code>void</code>) o una <b>Query</b> (restituisce dati ma NON altera nulla). Questa netta separazione rende il comportamento del software prevedibile e sicuro."
"[38 I Pilastri dei Maestri] - Cos'è l'Eventual Consistency nei Microservizi?";"Nei sistemi distribuiti moderni, i dati non sono mai aggiornati ovunque nello stesso millisecondo. Se aggiungi un prodotto a carrello, il Magazzino potrebbe accorgersene 1 secondo dopo. Accettare che la coerenza avverrà <i>'prima o poi' (eventualmente)</i> permette di scalare all'infinito."
"[38 I Pilastri dei Maestri] - Cos'è la 'Primitive Obsession' (Ossessione per le Primitive)?";"Usare tipi base (int, string, decimal) per dominare concetti di business. Esempio: passare il Telaio della moto come <code>string</code>. Molto meglio creare un record/struct <code>NumeroTelaio</code>, che al suo interno si valida da solo. Così non potrai mai passare un CAP al posto di un telaio."
"[38 I Pilastri dei Maestri] - Nello Unit Testing, qual è la differenza tra Stub e Mock?";"<b>Stub:</b> Un finto collaboratore che fornisce dati preimpostati per far passare il test (es. restituisce 'Utente Premium').<br><b>Mock:</b> Verifica il <i>comportamento</i> (es. fallisce se il metodo <code>InviaEmail()</code> non viene chiamato esattamente una volta). Usa i Mock con parsimonia, accoppiano troppo i test all'implementazione."
"[38 I Pilastri dei Maestri] - Cos'è la Teoria delle Finestre Rotte applicata al codice (Broken Window Theory)?";"Un singolo hack temporaneo o una classe disordinata ('finestra rotta') lasciata irrisolta autorizza psicologicamente il team a scrivere codice pessimo subito dopo. Ripara la finestra immediatamente, o il progetto finirà in rovina."
"[38 I Pilastri dei Maestri] - Qual è la differenza logica tra Strategy Pattern e Command Pattern?";"<b>Strategy:</b> Riguarda il <i>come</i> fai una cosa. Isola l'algoritmo (es. CalcolaTasseIta vs CalcolaTasseUsa).<br><b>Command:</b> Riguarda il <i>cosa</i> devi fare. Trasforma un'azione in un oggetto indipendente (es. 'AggiungiPezzo') che può essere messo in coda, ritardato o Annullato (Undo/Ctrl+Z)."
"[38 I Pilastri dei Maestri] - 'Il codice è il nemico'. Cosa significa questo paradosso per un Architect?";"Ogni riga di codice che scrivi è una riga da testare, debuggare, mantenere e aggiornare in futuro. Il codice non è un asset aziendale, è un <b>costo (passività)</b>. Un grande ingegnere risolve i problemi scrivendo *meno* codice possibile, non di più."
"[38 I Pilastri dei Maestri] - Cosa sono le 'Fallacies of Distributed Computing' (Le falsità dei sistemi distribuiti)?";"L'illusione da Junior che la rete sia affidabile, la latenza sia zero e la banda sia infinita. <br><br><b>In officina:</b> non dare mai per scontato che il corriere ti consegni il pezzo di ricambio in tempo. Nel codice, usa sempre Timeout, Retries (con Exponential Backoff) e Circuit Breakers per gestire i guasti di rete."
"[38 I Pilastri dei Maestri] - Cos'è il principio KISS (Keep It Simple, Stupid)?";"Evita la complessità non necessaria. Non montare una centralina programmabile per gestire i fari quando basta un semplice relè. Nel software, se puoi risolvere un problema con un <code>if</code> chiaro, non introdurre tre interfacce e un Factory Pattern solo per farti bello."
"[38 I Pilastri dei Maestri] - Cos'è il 'Feature Envy' (Invidia delle funzionalità) e come si risolve?";"È un 'Code Smell' in cui un metodo di una classe accede ossessivamente ai dati di <i>un'altra</i> classe per fare i calcoli. È come il gommista che ti ruba le chiavi per farti il tagliando da solo. <br><br><b>Soluzione:</b> Sposta il metodo nella classe che contiene fisicamente quei dati (Principio Tell, Don't Ask)."
"[38 I Pilastri dei Maestri] - Cos'è lo 'Shift-Left Testing'?";"Significa spostare i test il più 'a sinistra' possibile nella timeline di sviluppo (cioè all'inizio). <br><br><b>In officina:</b> controllare col calibro l'usura dei cilindri <i>prima</i> di chiudere i carter, non aspettare di aver montato tutto e accendere il motore per scoprire se sbiella. Trovare un bug in fase di design costa 1€, in produzione costa 10.000€."
"[38 I Pilastri dei Maestri] - Cos'è la 'Rule of Least Power' (Regola del potere minimo)?";"Usa sempre il linguaggio/strumento meno potente ma sufficiente per risolvere il problema. Non usare React (Turing Complete) se basta l'HTML/CSS puro. Non usare la pistola pneumatica per stringere la plastica delle carene: usa lo strumento più semplice per minimizzare i danni e i bug."
"[38 I Pilastri dei Maestri] - Cos'è il 'Design by Contract' (Progettazione per contratto)?";"Definire regole rigide (Precondizioni e Postcondizioni) tra chi chiama un metodo e chi lo esegue. Se il pistone che mi passi non rispetta le tolleranze (Precondizione fallita), il cilindro rifiuta di lavorare (Eccezione immediata). Garantisce solidità estrema alla radice."
"[38 I Pilastri dei Maestri] - Cosa afferma la 'Law of Leaky Abstractions' (Legge delle astrazioni che perdono)?";"<i>'Tutte le astrazioni non banali, in una certa misura, perdono'</i> (Joel Spolsky). <br><br>L'ORM (es. Entity Framework) astrae il DB, ma prima o poi genererà una query lenta e dovrai sporcarti le mani col vero SQL per sistemarla. Il computer diagnostico ti dà il codice di errore (astrazione), ma a volte devi comunque smontare i tubi per trovare il guasto reale."
"[38 I Pilastri dei Maestri] - Quali sono le 'Due cose più difficili in Informatica' secondo Phil Karlton?";"<b>1. Naming things (Dare i nomi giusti):</b> Scegliere nomi chiari per le variabili che non ingannino chi legge.<br><b>2. Cache Invalidation (Invalidazione della cache):</b> Ricordarsi di eliminare i dati temporanei vecchi e veloci quando il dato reale nel DB è cambiato. Come ricordarsi di cambiare l'etichetta del cambio olio dopo averlo fatto."
"[38 I Pilastri dei Maestri] - Cos'è la 'Defensive Programming' (Programmazione Difensiva)?";"Scrivere codice prevedendo che l'utente, il DB o la rete faranno le cose peggiori possibili (passare null, file corrotti, drop di connessione). Significa circondare il nucleo della tua logica con Guard Clauses e validazioni severe. Esattamente come montare i paramotore tubolari prima di fare sterrato estremo in montagna."
"[38 I Pilastri dei Maestri] - Qual è la differenza reale tra Refactoring e Rewriting (Riscrivere da zero)?";"Il <b>Refactoring</b> è migliorare la struttura interna del codice senza alterare il comportamento esterno visibile all'utente (cambi l'olio e pulisci i filtri). Il <b>Rewriting</b> è buttare via il progetto e rifarlo. Un Architect sceglie quasi sempre il refactoring incrementale: il rewriting nasconde insidie mostruose e cancella anni di bugfix faticosamente risolti."
"[39 Pratica Quotidiana] - Qual è il modo più sicuro per verificare se una stringa è vuota o nulla?";"Usare <code>string.IsNullOrWhiteSpace()</code>. Ti salva dai crash se è null, e gestisce anche il caso in cui l'utente abbia inserito solo spazi vuoti per errore.<br><br><pre style=""background:#282c34; color:#abb2bf; padding:10px; border-radius:5px; white-space:pre-wrap; word-wrap:break-word;""><code>if (string.IsNullOrWhiteSpace(targa)) return;</code></pre>"
"[39 Pratica Quotidiana] - Come confronti due stringhe ignorando le maiuscole/minuscole in modo performante?";"<b>NON</b> usare <code>.ToLower() == .ToLower()</code> (spreca memoria creando nuove stringhe). Usa <code>StringComparison.OrdinalIgnoreCase</code>.<br><br><pre style=""background:#282c34; color:#abb2bf; padding:10px; border-radius:5px; white-space:pre-wrap; word-wrap:break-word;""><code>if (stato.Equals(""ATTIVO"", StringComparison.OrdinalIgnoreCase))</code></pre>"
"[39 Pratica Quotidiana] - Qual è il modo corretto per leggere un valore da un Dictionary senza rischiare eccezioni?";"Usare <code>.TryGetValue()</code>. Se provi a leggere con <code>dict[""chiave""]</code> e la chiave non esiste, l'app crasha con <i>KeyNotFoundException</i>.<br><br><pre style=""background:#282c34; color:#abb2bf; padding:10px; border-radius:5px; white-space:pre-wrap; word-wrap:break-word;""><code>if (prezzi.TryGetValue(""FiltroOlio"", out var prezzo))<br>   Console.WriteLine(prezzo);</code></pre>"
"[39 Pratica Quotidiana] - Come aggiungi o aggiorni un valore in un Dictionary nel modo più rapido?";"Usa l'indexer a parentesi quadre. Se usi <code>.Add()</code> e la chiave esiste già, il programma crasha. L'indexer invece sovrascrive il valore vecchio in automatico.<br><br><pre style=""background:#282c34; color:#abb2bf; padding:10px; border-radius:5px; white-space:pre-wrap; word-wrap:break-word;""><code>magazzino[""Candela""] = 15.50m;</code></pre>"
"[39 Pratica Quotidiana] - Come si lancia un'eccezione se un parametro in ingresso è null (C# 10+)?";"Usa il metodo statico <code>ThrowIfNull</code>. Addio vecchi <code>if (x == null) throw...</code> scritti a mano.<br><br><pre style=""background:#282c34; color:#abb2bf; padding:10px; border-radius:5px; white-space:pre-wrap; word-wrap:break-word;""><code>public void Salva(Cliente c)<br>{<br>    ArgumentNullException.ThrowIfNull(c);<br>}</code></pre>"
"[39 Pratica Quotidiana] - Perché dovresti salvare le date nel DB usando 'DateTimeOffset' invece di 'DateTime'?";"Perché <code>DateTimeOffset</code> salva anche la <b>Timezone</b> (la differenza rispetto all'UTC). Con <code>DateTime</code> non sai mai se l'ora salvata è quella locale del server, di Londra o dell'utente, causando bug infernali nelle app internazionali."
"[39 Pratica Quotidiana] - Come ottieni data e ora attuali in un'app moderna per non rovinare gli Unit Test (.NET 8+)?";"<b>Evita <code>DateTime.Now</code></b> (è impossibile da testare nel passato/futuro). Usa l'interfaccia di sistema <code>TimeProvider</code> iniettata nel costruttore.<br><br><pre style=""background:#282c34; color:#abb2bf; padding:10px; border-radius:5px; white-space:pre-wrap; word-wrap:break-word;""><code>var ora = _timeProvider.GetUtcNow();</code></pre>"
"[39 Pratica Quotidiana] - Come unisci nomi di cartelle e file in modo sicuro (senza impazzire con gli slash)?";"Usa <code>Path.Combine()</code>. Capisce da solo se manca lo slash ('\') o se ce ne sono troppi, e si adatta al sistema operativo (Windows vs Linux).<br><br><pre style=""background:#282c34; color:#abb2bf; padding:10px; border-radius:5px; white-space:pre-wrap; word-wrap:break-word;""><code>var fullPath = Path.Combine(cartella, ""fattura.pdf"");</code></pre>"
"[39 Pratica Quotidiana] - Come converti istantaneamente una Lista di oggetti in un Dictionary con LINQ?";"Usa <code>.ToDictionary()</code>, specificando cosa usare come Chiave e cosa come Valore.<br><br><pre style=""background:#282c34; color:#abb2bf; padding:10px; border-radius:5px; white-space:pre-wrap; word-wrap:break-word;""><code>var dict = clienti.ToDictionary(c => c.Id, c => c);<br>// Ora puoi cercare un cliente per ID in tempo O(1)</code></pre>"
"[39 Pratica Quotidiana] - Come trovi l'oggetto col prezzo più alto in una lista senza ordinare tutto (C# 10+)?";"Usa <code>.MaxBy()</code> (o <code>.MinBy()</code>). È super performante perché fa un solo giro della lista senza avviare algoritmi di sorting costosi.<br><br><pre style=""background:#282c34; color:#abb2bf; padding:10px; border-radius:5px; white-space:pre-wrap; word-wrap:break-word;""><code>var motoPiuCara = listino.MaxBy(m => m.Prezzo);</code></pre>"
"[39 Pratica Quotidiana] - Hai 10.000 record e le API ne accettano max 50 alla volta. Come fai (C# 10+)?";"Usa <code>.Chunk()</code> di LINQ. Taglia una collezione gigante in array più piccoli della dimensione desiderata.<br><br><pre style=""background:#282c34; color:#abb2bf; padding:10px; border-radius:5px; white-space:pre-wrap; word-wrap:break-word;""><code>foreach (var lotto in record.Chunk(50))<br>{<br>   await InviaApiAsync(lotto);<br>}</code></pre>"
"[39 Pratica Quotidiana] - Come leggi un file di testo enorme (es. 5GB) senza far esplodere la RAM?";"<b>NON usare</b> <code>File.ReadAllLines()</code> (carica tutto in RAM). Usa <code>File.ReadLinesAsync()</code>: restituisce uno stream riga per riga che puoi ciclare tenendo la memoria quasi a zero.<br><br><pre style=""background:#282c34; color:#abb2bf; padding:10px; border-radius:5px; white-space:pre-wrap; word-wrap:break-word;""><code>await foreach (var riga in File.ReadLinesAsync(""log.txt""))</code></pre>"
"[39 Pratica Quotidiana] - Come converti una stringa in un Enum senza rischiare eccezioni?";"Usa <code>Enum.TryParse()</code>.<br><br><pre style=""background:#282c34; color:#abb2bf; padding:10px; border-radius:5px; white-space:pre-wrap; word-wrap:break-word;""><code>if (Enum.TryParse&lt;Stato&gt;(""Nuovo"", out var stato))<br>  // Conversione riuscita</code></pre>"
"[39 Pratica Quotidiana] - Devi restituire due o tre valori da un metodo. Come fai senza creare una classe usa-e-getta?";"Usa le Tuple Nominate (Named Tuples). Codice pulitissimo e tipizzato.<br><br><pre style=""background:#282c34; color:#abb2bf; padding:10px; border-radius:5px; white-space:pre-wrap; word-wrap:break-word;""><code>public (bool IsSuccess, string ErrorMsg) Esegui()<br>{<br>    return (true, string.Empty);<br>}</code></pre>"
"[39 Pratica Quotidiana] - Come verifichi che un oggetto non sia null in modo super-leggibile (C# 9+)?";"Usando il pattern matching <code>is not null</code>. È molto più espressivo del vecchio <code>!= null</code> e ignora eventuali override pericolosi degli operatori.<br><br><pre style=""background:#282c34; color:#abb2bf; padding:10px; border-radius:5px; white-space:pre-wrap; word-wrap:break-word;""><code>if (cliente is not null) { ... }</code></pre>"
"[39 Pratica Quotidiana] - Hai 5 chiamate HTTP indipendenti da fare. Come le esegui in parallelo per risparmiare tempo?";"Metti i Task in una lista, poi usa <code>Task.WhenAll()</code>. Così partiranno tutte insieme, e il metodo aspetterà solo il completamento della più lenta.<br><br><pre style=""background:#282c34; color:#abb2bf; padding:10px; border-radius:5px; white-space:pre-wrap; word-wrap:break-word;""><code>await Task.WhenAll(task1, task2, task3);</code></pre>"
"[39 Pratica Quotidiana] - A cosa serve il CancellationToken passato nei metodi Async?";"Permette di interrompere all'istante un'operazione lunga (es. download o query DB) se l'utente cambia pagina in MAUI o chiude la connessione nell'API. Risparmia enormi quantità di risorse server."
"[39 Pratica Quotidiana] - Come scarichi un JSON da un'API e lo converti in classe con una sola riga?";"Usando l'Extension Method <code>GetFromJsonAsync</code> integrato in HttpClient.<br><br><pre style=""background:#282c34; color:#abb2bf; padding:10px; border-radius:5px; white-space:pre-wrap; word-wrap:break-word;""><code>var user = await http.GetFromJsonAsync&lt;Utente&gt;(""api/utenti/1"");</code></pre>"
"[39 Pratica Quotidiana] - Ricevi un JSON in CamelCase (""nome"") ma la tua classe C# usa PascalCase (""Nome""). Come li associ automaticamente?";"Passando al deserializzatore le <code>JsonSerializerOptions</code> con <code>PropertyNameCaseInsensitive = true</code>."
"[39 Pratica Quotidiana] - Hai una logica complicata per mappare uno stato in un colore. Come la scrivi senza usare mille if?";"Usa le <b>Switch Expressions</b> e la sintassi a freccia (Pattern Matching).<br><br><pre style=""background:#282c34; color:#abb2bf; padding:10px; border-radius:5px; white-space:pre-wrap; word-wrap:break-word;""><code>Color c = stato switch <br>{<br>  ""Errore"" => Colors.Red,<br>  ""Ok"" => Colors.Green,<br>  _ => Colors.Gray // Default<br>};</code></pre>"
"[39 Pratica Quotidiana] - Come verifichi se una lista è nulla o vuota in un colpo solo (C# 9+)?";"Usa il pattern matching: <code>lista is not { Count: 0 }</code>. È più espressivo del classico <code>lista != null && lista.Count > 0</code>.<br><br><pre style=""background:#282c34; color:#abb2bf; padding:10px; border-radius:5px; white-space:pre-wrap; word-wrap:break-word;""><code>if (lista is not null and not []) { /* esiste ed ha elementi */ }</code></pre>"
"[39 Pratica Quotidiana] - Come ottieni solo i valori univoci da una lista di oggetti basandoti su una proprietà?";"Usa il metodo LINQ <code>.DistinctBy()</code>.<br><br><pre style=""background:#282c34; color:#abb2bf; padding:10px; border-radius:5px; white-space:pre-wrap; word-wrap:break-word;""><code>var marcheUniche = moto.DistinctBy(m => m.Marca);</code></pre>"
"[39 Pratica Quotidiana] - Come crei un file log di testo in modo rapido e thread-safe?";"Usa <code>File.AppendAllLinesAsync()</code>. Apre il file, scrive in coda e chiude in un'unica operazione sicura.<br><br><pre style=""background:#282c34; color:#abb2bf; padding:10px; border-radius:5px; white-space:pre-wrap; word-wrap:break-word;""><code>await File.AppendAllLinesAsync(""log.txt"", new[] { $""{DateTime.Now}: Errore trovato"" });</code></pre>"
"[39 Pratica Quotidiana] - Come gestisci una serie di chiamate HTTP cancellando tutto se l'utente cambia pagina?";"Usa sempre il <code>CancellationToken</code>. Se il token scatta, la chiamata http viene troncata subito, liberando risorse.<br><br><pre style=""background:#282c34; color:#abb2bf; padding:10px; border-radius:5px; white-space:pre-wrap; word-wrap:break-word;""><code>var response = await http.GetAsync(url, cancellationToken);</code></pre>"
"[39 Pratica Quotidiana] - Come formatti una cifra come valuta (€) in una stringa interpolata?";"Usa il modificatore <code>:C</code> (Currency). Gestisce in automatico il simbolo della valuta e i decimali in base alla cultura del PC.<br><br><pre style=""background:#282c34; color:#abb2bf; padding:10px; border-radius:5px; white-space:pre-wrap; word-wrap:break-word;""><code>Console.WriteLine($""Totale: {totale:C}"");</code></pre>"
"[39 Pratica Quotidiana] - Cos'è la clausola 'when' in un catch?";"Ti permette di filtrare le eccezioni. Il catch viene eseguito solo se la condizione è true.<br><br><pre style=""background:#282c34; color:#abb2bf; padding:10px; border-radius:5px; white-space:pre-wrap; word-wrap:break-word;""><code>catch (HttpRequestException ex) when (ex.StatusCode == HttpStatusCode.NotFound)</code></pre>"
"[39 Pratica Quotidiana] - Come trasformi un array di byte in una stringa Base64?";"Usa <code>Convert.ToBase64String()</code>. Indispensabile per inviare file/immagini nelle API JSON.<br><br><pre style=""background:#282c34; color:#abb2bf; padding:10px; border-radius:5px; white-space:pre-wrap; word-wrap:break-word;""><code>string base64 = Convert.ToBase64String(bytes);</code></pre>"
"[39 Pratica Quotidiana] - Come leggi il valore di una variabile d'ambiente (es. ConnectionString segreta)?";"Usa <code>Environment.GetEnvironmentVariable()</code>. Fondamentale per non scrivere mai password nel codice.<br><br><pre style=""background:#282c34; color:#abb2bf; padding:10px; border-radius:5px; white-space:pre-wrap; word-wrap:break-word;""><code>var dbConn = Environment.GetEnvironmentVariable(""DB_CONNECTION"");</code></pre>"
"[39 Pratica Quotidiana] - Come raggruppi una lista in sotto-liste per fascia d'età (es. minori e adulti)?";"Usando LINQ <code>.ToLookup()</code>.<br><br><pre style=""background:#282c34; color:#abb2bf; padding:10px; border-radius:5px; white-space:pre-wrap; word-wrap:break-word;""><code>var gruppi = persone.ToLookup(p => p.Eta < 18 ? ""Minori"" : ""Adulti"");</code></pre>"
"[39 Pratica Quotidiana] - Come pulisci una stringa da tutti gli spazi bianchi extra all'inizio e alla fine?";"Con il metodo <code>.Trim()</code>.<br><br><pre style=""background:#282c34; color:#abb2bf; padding:10px; border-radius:5px; white-space:pre-wrap; word-wrap:break-word;""><code>string input = ""  yamaha  "";<br>string pulita = input.Trim(); // ""yamaha""</code></pre>"
"[39 Pratica Quotidiana] - Come rendi una lista di sola lettura (Read Only) per proteggere i dati?";"Usa <code>.AsReadOnly()</code> o castala a <code>IReadOnlyList<T></code>. Impedisce ai consumer di aggiungere o rimuovere elementi per errore.<br><br><pre style=""background:#282c34; color:#abb2bf; padding:10px; border-radius:5px; white-space:pre-wrap; word-wrap:break-word;""><code>public IReadOnlyList&lt;string&gt; GetLista() => _lista.AsReadOnly();</code></pre>"
"[39 Pratica Quotidiana] - Come controlli se una stringa contiene una sottostringa ignorando le maiuscole?";"Usa <code>string.Contains(substring, StringComparison.OrdinalIgnoreCase)</code>.<br><br><pre style=""background:#282c34; color:#abb2bf; padding:10px; border-radius:5px; white-space:pre-wrap; word-wrap:break-word;""><code>if (nome.Contains(""Marco"", StringComparison.OrdinalIgnoreCase))</code></pre>"
"[39 Pratica Quotidiana] - Come misuri il tempo di esecuzione di un blocco di codice?";"Usa la classe <code>Stopwatch</code>. Non usare <code>DateTime.Now</code> per misurare le performance!<br><br><pre style=""background:#282c34; color:#abb2bf; padding:10px; border-radius:5px; white-space:pre-wrap; word-wrap:break-word;""><code>var sw = Stopwatch.StartNew();<br>EseguiOperazione();<br>sw.Stop();<br>Console.WriteLine(sw.ElapsedMilliseconds);</code></pre>"
"[39 Pratica Quotidiana] - Come unisci due liste senza duplicati?";"Usa <code>.Union()</code> di LINQ.<br><br><pre style=""background:#282c34; color:#abb2bf; padding:10px; border-radius:5px; white-space:pre-wrap; word-wrap:break-word;""><code>var listaTotale = listaA.Union(listaB);</code></pre>"
"[39 Pratica Quotidiana] - Come ottieni solo gli elementi comuni a due liste?";"Usa <code>.Intersect()</code> di LINQ.<br><br><pre style=""background:#282c34; color:#abb2bf; padding:10px; border-radius:5px; white-space:pre-wrap; word-wrap:break-word;""><code>var comuni = listaA.Intersect(listaB);</code></pre>"
"[39 Pratica Quotidiana] - Come determini se un file esiste prima di provare ad aprirlo?";"Usa <code>File.Exists()</code>. È vitale per evitare eccezioni durante le operazioni su file system.<br><br><pre style=""background:#282c34; color:#abb2bf; padding:10px; border-radius:5px; white-space:pre-wrap; word-wrap:break-word;""><code>if (File.Exists(path)) { /* procedi */ }</code></pre>"
"[39 Pratica Quotidiana] - Come inverti una lista senza modificarla?";"Usa <code>.Reverse()</code> (LINQ) che restituisce una nuova enumerazione, senza intaccare l'originale.<br><br><pre style=""background:#282c34; color:#abb2bf; padding:10px; border-radius:5px; white-space:pre-wrap; word-wrap:break-word;""><code>var inversa = lista.Reverse().ToList();</code></pre>"
"[39 Pratica Quotidiana] - Come imposti un valore di default se una lista LINQ è vuota?";"Usa <code>.DefaultIfEmpty()</code>.<br><br><pre style=""background:#282c34; color:#abb2bf; padding:10px; border-radius:5px; white-space:pre-wrap; word-wrap:break-word;""><code>var valori = lista.DefaultIfEmpty(0);</code></pre>"
"[39 Pratica Quotidiana] - Come dividi una stringa basandoti su più separatori (es. virgola e punto)?";"Usa <code>String.Split()</code> passando un array di caratteri.<br><br><pre style=""background:#282c34; color:#abb2bf; padding:10px; border-radius:5px; white-space:pre-wrap; word-wrap:break-word;""><code>string[] parti = testo.Split(new[] { ' ', ',' });</code></pre>"
"[39 Pratica Quotidiana] - Come verifichi se una classe implementa una specifica interfaccia a runtime?";"Usa l'operatore <code>is</code>.<br><br><pre style=""background:#282c34; color:#abb2bf; padding:10px; border-radius:5px; white-space:pre-wrap; word-wrap:break-word;""><code>if (mioOggetto is IDisposable) { /* ... */ }</code></pre>"
"[39 Pratica Quotidiana] - Come verifichi se una stringa è un numero valido senza generare eccezioni?";"Usa <code>int.TryParse()</code> (o <code>decimal.TryParse()</code>). Restituisce un booleano ed evita i costosi try-catch.<br><br><pre style=""background:#282c34; color:#abb2bf; padding:10px; border-radius:5px; white-space:pre-wrap; word-wrap:break-word;""><code>if (int.TryParse(input, out int numero)) { /* ok */ }</code></pre>"
"[39 Pratica Quotidiana] - Come eviti che una chiamata LINQ scorra tutta la lista se ti serve solo il primo elemento trovato?";"Usa <code>.FirstOrDefault()</code> o <code>.First()</code>. Si interrompono non appena trovano il match (Execution Optimization), a differenza di un <code>.Where().ToList()</code> che analizza tutto."
"[39 Pratica Quotidiana] - Come crei una copia difensiva (clonata) di una List<T> per evitare effetti collaterali?";"Passando la lista esistente direttamente nel costruttore della nuova lista.<br><br><pre style=""background:#282c34; color:#abb2bf; padding:10px; border-radius:5px; white-space:pre-wrap; word-wrap:break-word;""><code>List&lt;string&gt; copia = new(listaOriginale);</code></pre>"
"[39 Pratica Quotidiana] - Come rimuovi tutti gli elementi da una lista che soddisfano una certa condizione?";"Usa il metodo nativo <code>.RemoveAll()</code> invece di un ciclo foreach (che lancerebbe un errore di modifica concorrente).<br><br><pre style=""background:#282c34; color:#abb2bf; padding:10px; border-radius:5px; white-space:pre-wrap; word-wrap:break-word;""><code>clienti.RemoveAll(c => c.IsAttivo == false);</code></pre>"
"[39 Pratica Quotidiana] - Come scrivi un blocco condizionale compatto per assegnare un valore se un booleano è vero?";"Usa l'operatore ternario <code>condizione ? seVero : seFinto</code>.<br><br><pre style=""background:#282c34; color:#abb2bf; padding:10px; border-radius:5px; white-space:pre-wrap; word-wrap:break-word;""><code>string livello = isSenior ? ""Esperto"" : ""Junior"";</code></pre>"
"[39 Pratica Quotidiana] - Come unisci due percorsi di file o directory gestendo i separatori in modo sicuro?";"Usa <code>Path.Join()</code> o <code>Path.Combine()</code>.<br><br><pre style=""background:#282c34; color:#abb2bf; padding:10px; border-radius:5px; white-space:pre-wrap; word-wrap:break-word;""><code>string path = Path.Combine(""C:\\Officina"", ""Manuali"", ""xt1200z.pdf"");</code></pre>"
"[39 Pratica Quotidiana] - Come ottieni l'estensione di un file da una stringa di percorso?";"Usa <code>Path.GetExtension()</code>.<br><br><pre style=""background:#282c34; color:#abb2bf; padding:10px; border-radius:5px; white-space:pre-wrap; word-wrap:break-word;""><code>string ext = Path.GetExtension(""documento.pdf""); // "".pdf""</code></pre>"
"[39 Pratica Quotidiana] - Come cancelli un file in modo sicuro gestendo l'assenza del file?";"Controlla prima con <code>File.Exists()</code> oppure usa un blocco try-catch mirato per <code>IOException</code>.<br><br><pre style=""background:#282c34; color:#abb2bf; padding:10px; border-radius:5px; white-space:pre-wrap; word-wrap:break-word;""><code>if (File.Exists(path)) File.Delete(path);</code></pre>"
"[39 Pratica Quotidiana] - Come serializzi un oggetto C# in una stringa JSON formattata (indented)?";"Usa <code>JsonSerializer.Serialize()</code> passando l'opzione di scrittura indentata.<br><br><pre style=""background:#282c34; color:#abb2bf; padding:10px; border-radius:5px; white-space:pre-wrap; word-wrap:break-word;""><code>var options = new JsonSerializerOptions { WriteIndented = true };<br>string json = JsonSerializer.Serialize(oggetto, options);</code></pre>"
"[39 Pratica Quotidiana] - Come deserializzi una stringa JSON in un oggetto C# tipizzato?";"Usa <code>JsonSerializer.Deserialize<T>()</code>.<br><br><pre style=""background:#282c34; color:#abb2bf; padding:10px; border-radius:5px; white-space:pre-wrap; word-wrap:break-word;""><code>var moto = JsonSerializer.Deserialize&lt;Moto&gt;(jsonString);</code></pre>"
"[39 Pratica Quotidiana] - Come crei una stringa di ripetizione (es. 10 trattini) senza cicli for?";"Usa il costruttore di <code>string</code>.<br><br><pre style=""background:#282c34; color:#abb2bf; padding:10px; border-radius:5px; white-space:pre-wrap; word-wrap:break-word;""><code>string separatore = new('-', 10); // ""----------""</code></pre>"
"[39 Pratica Quotidiana] - Come verifichi se una stringa inizia o finisce con una specifica sottostringa?";"Usa i metodi <code>.StartsWith()</code> e <code>.EndsWith()</code> specificando il <code>StringComparison</code>.<br><br><pre style=""background:#282c34; color:#abb2bf; padding:10px; border-radius:5px; white-space:pre-wrap; word-wrap:break-word;""><code>if (targa.StartsWith(""AB"", StringComparison.Ordinal))</code></pre>"
"[39 Pratica Quotidiana] - Come sostituisci tutte le occorrenze di un carattere in una stringa?";"Usa <code>.Replace()</code>.<br><br><pre style=""background:#282c34; color:#abb2bf; padding:10px; border-radius:5px; white-space:pre-wrap; word-wrap:break-word;""><code>string clean = numero.Replace("","", "".""); // Sostituisce virgole con punti</code></pre>"
"[39 Pratica Quotidiana] - Come estrai una sottostringa partendo da un indice?";"Usa <code>.Substring(startIndex, length)</code> o l'operatore di range (C# 8+).<br><br><pre style=""background:#282c34; color:#abb2bf; padding:10px; border-radius:5px; white-space:pre-wrap; word-wrap:break-word;""><code>string codice = ""XT1200Z"";<br>string modello = codice[..2]; // ""XT""</code></pre>"
"[39 Pratica Quotidiana] - Come generi un ID univoco globale (GUID) in C#?";"Usa <code>Guid.NewGuid()</code>.<br><br><pre style=""background:#282c34; color:#abb2bf; padding:10px; border-radius:5px; white-space:pre-wrap; word-wrap:break-word;""><code>Guid idTransazione = Guid.NewGuid();</code></pre>"
"[39 Pratica Quotidiana] - Come converti un GUID in una stringa pulita senza trattini?";"Usa il formato stringa <code>""N""</code>.<br><br><pre style=""background:#282c34; color:#abb2bf; padding:10px; border-radius:5px; white-space:pre-wrap; word-wrap:break-word;""><code>string idPulito = Guid.NewGuid().ToString(""N"");</code></pre>"
"[39 Pratica Quotidiana] - Come arrotondi un numero decimale a 2 cifre (es. per prezzi di officina)?";"Usa <code>Math.Round(valore, 2, MidpointRounding.AwayFromZero)</code> per evitare arrotondamenti bancari imprevedibili.<br><br><pre style=""background:#282c34; color:#abb2bf; padding:10px; border-radius:5px; white-space:pre-wrap; word-wrap:break-word;""><code>decimal prezzoArrotondato = Math.Round(prezzo, 2, MidpointRounding.AwayFromZero);</code></pre>"
"[39 Pratica Quotidiana] - Come trovi il valore minimo o massimo in una lista di interi?";"Usa <code>.Min()</code> e <code>.Max()</code> di LINQ.<br><br><pre style=""background:#282c34; color:#abb2bf; padding:10px; border-radius:5px; white-space:pre-wrap; word-wrap:break-word;""><code>int maxGiri = giriMotore.Max();</code></pre>"
"[39 Pratica Quotidiana] - Come calcoli la media di una proprietà numerica in una lista con LINQ?";"Usa <code>.Average()</code>.<br><br><pre style=""background:#282c34; color:#abb2bf; padding:10px; border-radius:5px; white-space:pre-wrap; word-wrap:break-word;""><code>decimal consumoMedio = litriRiforniti.Average();</code></pre>"
"[39 Pratica Quotidiana] - Come verifichi se TUTTI gli elementi di una lista rispettano una condizione?";"Usa <code>.All()</code> di LINQ.<br><br><pre style=""background:#282c34; color:#abb2bf; padding:10px; border-radius:5px; white-space:pre-wrap; word-wrap:break-word;""><code>bool tutteRevisionate = moto.All(m => m.IsRevisionata);</code></pre>"
"[39 Pratica Quotidiana] - Come verifichi se ALMENO UN elemento rispetta una condizione?";"Usa <code>.Any()</code> di LINQ.<br><br><pre style=""background:#282c34; color:#abb2bf; padding:10px; border-radius:5px; white-space:pre-wrap; word-wrap:break-word;""><code>bool c eMotoInRiserva = serbatoi.Any(s => s.Livello &lt; 2);</code></pre>"
"[39 Pratica Quotidiana] - Come crei una lista già riempita con 5 elementi uguali?";"Usa <code>Enumerable.Repeat()</code>.<br><br><pre style=""background:#282c34; color:#abb2bf; padding:10px; border-radius:5px; white-space:pre-wrap; word-wrap:break-word;""><code>var listaDefault = Enumerable.Repeat(""Sconosciuto"", 5).ToList();</code></pre>"
"[39 Pratica Quotidiana] - Come crei una sequenza di numeri da 1 a 100 senza scrivere un ciclo for?";"Usa <code>Enumerable.Range()</code>.<br><br><pre style=""background:#282c34; color:#abb2bf; padding:10px; border-radius:5px; white-space:pre-wrap; word-wrap:break-word;""><code>var numeri = Enumerable.Range(1, 100).ToList();</code></pre>"
"[39 Pratica Quotidiana] - Come rimuovi i caratteri di spaziatura multipli o pulisci una stringa complessa?";"Usando le Regex o combinando <code>.Split()</code> e <code>string.Join()</code> per compattare gli spazi interni.<br><br><pre style=""background:#282c34; color:#abb2bf; padding:10px; border-radius:5px; white-space:pre-wrap; word-wrap:break-word;""><code>string pulita = string.Join(' ', testo.Split(' ', StringSplitOptions.RemoveEmptyEntries));</code></pre>"
"[39 Pratica Quotidiana] - Come verifichi se una stringa passata da un utente è un URL valido?";"Usa <code>Uri.TryCreate()</code> specificando <code>UriKind.Absolute</code>.<br><br><pre style=""background:#282c34; color:#abb2bf; padding:10px; border-radius:5px; white-space:pre-wrap; word-wrap:break-word;""><code>if (Uri.TryCreate(inputUrl, UriKind.Absolute, out Uri? uriResult) && <br>   (uriResult.Scheme == Uri.UriSchemeHttp || uriResult.Scheme == Uri.UriSchemeHttps))</code></pre>"
"[39 Pratica Quotidiana] - Come scrivi un'operazione di attesa non bloccante per X secondi?";"Usa <code>Task.Delay()</code> invece di <code>Thread.Sleep()</code>.<br><br><pre style=""background:#282c34; color:#abb2bf; padding:10px; border-radius:5px; white-space:pre-wrap; word-wrap:break-word;""><code>await Task.Delay(2000); // Attende 2 secondi senza congelare la UI/Thread</code></pre>"
"[39 Pratica Quotidiana] - Come esegui un'azione di pulizia sicura anche se il codice dentro il blocco lancia un'eccezione?";"Usando il blocco <code>try-finally</code> (o la scorciatoia <code>using</code> se implementa IDisposable).<br><br><pre style=""background:#282c34; color:#abb2bf; padding:10px; border-radius:5px; white-space:pre-wrap; word-wrap:break-word;""><code>try { ApriConnessione(); Lavora(); }<br>finally { ChiudiConnessione(); }</code></pre>"
"[39 Pratica Quotidiana] - Come generi un numero casuale compreso tra un minimo e un massimo in C#?";"Usa la classe moderna <code>Random.Shared</code> (Thread-Safe e veloce).<br><br><pre style=""background:#282c34; color:#abb2bf; padding:10px; border-radius:5px; white-space:pre-wrap; word-wrap:break-word;""><code>int dado = Random.Shared.Next(1, 7); // Da 1 a 6</code></pre>"
"[39 Pratica Quotidiana] - Come trasformi la prima lettera di una stringa in maiuscolo?";"Combinando <code>char.ToUpper()</code> con il resto della stringa tramite Substring o Range.<br><br><pre style=""background:#282c34; color:#abb2bf; padding:10px; border-radius:5px; white-space:pre-wrap; word-wrap:break-word;""><code>string Capitalize(string s) => string.IsNullOrEmpty(s) ? s : char.ToUpper(s[0]) + s[1..];</code></pre>"
"[39 Pratica Quotidiana] - Come gestisci un timeout su una chiamata asincrona (es. HTTP o Database)?";"Usa <code>CancellationTokenSource</code> associato a un timeout in millisecondi.<br><br><pre style=""background:#282c34; color:#abb2bf; padding:10px; border-radius:5px; white-space:pre-wrap; word-wrap:break-word;""><code>using var cts = new CancellationTokenSource(TimeSpan.FromSeconds(5));<br>await http.GetAsync(url, cts.Token);</code></pre>"
"[39 Pratica Quotidiana] - Come puoi troncare una stringa se supera una certa lunghezza massima aggiungendo i puntini (...)?";"Controllando la lunghezza e usando l'operatore di range.<br><br><pre style=""background:#282c34; color:#abb2bf; padding:10px; border-radius:5px; white-space:pre-wrap; word-wrap:break-word;""><code>string Tronca(string s, int max) => s.Length &lt;= max ? s : s[..max] + ""..."";</code></pre>"
"[39 Pratica Quotidiana] - Come rimuovi i duplicati da una List<T> semplice (es. di stringhe o interi)?";"Usa il metodo LINQ <code>.Distinct()</code>.<br><br><pre style=""background:#282c34; color:#abb2bf; padding:10px; border-radius:5px; white-space:pre-wrap; word-wrap:break-word;""><code>var tagUnici = listaTag.Distinct().ToList();</code></pre>"
"[39 Pratica Quotidiana] - Come estrai un sottoinsieme (paginazione) da una lista usando LINQ?";"Usa <code>.Skip()</code> per saltare gli elementi precedenti e <code>.Take()</code> per prendere quanti elementi ti servono.<br><br><pre style=""background:#282c34; color:#abb2bf; padding:10px; border-radius:5px; white-space:pre-wrap; word-wrap:break-word;""><code>var pagina2 = prodotti.Skip(10).Take(10);</code></pre>"
"[39 Pratica Quotidiana] - Come trasformi gli elementi di una lista in un'altra forma o tipo?";"Usa <code>.Select()</code> di LINQ (Proiezione).<br><br><pre style=""background:#282c34; color:#abb2bf; padding:10px; border-radius:5px; white-space:pre-wrap; word-wrap:break-word;""><code>var stringhePrezzi = prezziDecimali.Select(p => p.ToString(""C""));</code></pre>"
"[39 Pratica Quotidiana] - Come filtri una lista escludendo gli elementi null o vuoti?";"Usa un filtro LINQ combinato con una condizione di sicurezza.<br><br><pre style=""background:#282c34; color:#abb2bf; padding:10px; border-radius:5px; white-space:pre-wrap; word-wrap:break-word;""><code>var validi = inputList.Where(x => !string.IsNullOrWhiteSpace(x));</code></pre>"
"[39 Pratica Quotidiana] - Come conti quanti elementi soddisfano una condizione senza scorrere la lista con un ciclo?";"Usa <code>.Count()</code> passando una condizione booleana.<br><br><pre style=""background:#282c34; color:#abb2bf; padding:10px; border-radius:5px; white-space:pre-wrap; word-wrap:break-word;""><code>int guasti = sensori.Count(s => s.Stato == ""Allarme"");</code></pre>"
"[39 Pratica Quotidiana] - Come crei un dizionario sicuro che non lancia errori se inserisci una chiave duplicata?";"Invece dell'indexer, puoi usare metodi di controllo preventivo o librerie esterne, ma il controllo con <code>ContainsKey</code> resta lo standard sicuro:<br><br><pre style=""background:#282c34; color:#abb2bf; padding:10px; border-radius:5px; white-space:pre-wrap; word-wrap:break-word;""><code>if (!dict.ContainsKey(chiave)) dict.Add(chiave, valore);</code></pre>"
"[39 Pratica Quotidiana] - Come verifichi se una stringa contiene numeri o solo lettere?";"Usando i metodi di analisi dei caratteri di LINQ o un controllo rapido con <code>char.IsDigit()</code>.<br><br><pre style=""background:#282c34; color:#abb2bf; padding:10px; border-radius:5px; white-space:pre-wrap; word-wrap:break-word;""><code>bool soloNumeri = s.All(char.IsDigit);</code></pre>"
"[39 Pratica Quotidiana] - Come unisci il contenuto di una lista di stringhe in un'unica stringa separata da virgole?";"Usa <code>string.Join()</code>.<br><br><pre style=""background:#282c34; color:#abb2bf; padding:10px; border-radius:5px; white-space:pre-wrap; word-wrap:break-word;""><code>string csv = string.Join("", "", elencoNomi);</code></pre>"
"[39 Pratica Quotidiana] - Come pulisci la memoria di un oggetto non gestito a livello base?";"Implementando l'interfaccia <code>IDisposable</code> e scrivendo il metodo <code>Dispose()</code>.<br><br><pre style=""background:#282c34; color:#abb2bf; padding:10px; border-radius:5px; white-space:pre-wrap; word-wrap:break-word;""><code>public void Dispose() { /* Rilascia risorse */ GC.SuppressFinalize(this); }</code></pre>"
"[39 Pratica Quotidiana] - Come scrivi un'espressione lambda che non fa nulla (no-op)?";"Usando una lambda vuota.<br><br><pre style=""background:#282c34; color:#abb2bf; padding:10px; border-radius:5px; white-space:pre-wrap; word-wrap:break-word;""><code>Action azioneVuota = () => {};</code></pre>"
"[39 Pratica Quotidiana] - Come gestisci i valori null con il classico operatore di assegnazione condizionale (??=)?";"Usa <code>??=</code>: assegna il valore a destra *solo* se la variabile a sinistra è null.<br><br><pre style=""background:#282c34; color:#abb2bf; padding:10px; border-radius:5px; white-space:pre-wrap; word-wrap:break-word;""><code>string? cache = null;<br>cache ??= ""Valore Default""; // Ora è ""Valore Default""</code></pre>"
"[39 Pratica Quotidiana] - Come crei un oggetto anonimo al volo per passare dati temporanei?";"Usa la keyword <code>new { ... }</code>.<br><br><pre style=""background:#282c34; color:#abb2bf; padding:10px; border-radius:5px; white-space:pre-wrap; word-wrap:break-word;""><code>var datiTemp = new { Nome = ""Yamaha"", Marce = 6 };</code></pre>"
"[39 Pratica Quotidiana] - Come scrivi una condizione di guardia (Guard Clause) per bloccare un metodo se un intero è negativo?";"Usa <code>ArgumentOutOfRangeException.ThrowIfNegative()</code> (C# 8+ / .NET 8+).<br><br><pre style=""background:#282c34; color:#abb2bf; padding:10px; border-radius:5px; white-space:pre-wrap; word-wrap:break-word;""><code>ArgumentOutOfRangeException.ThrowIfNegative(quantita);</code></pre>"
"[39 Pratica Quotidiana] - Come stampi un'eccezione completa nei log senza perdere lo stack trace?";"Passando l'intera eccezione al logger o usando <code>ex.ToString()</code> che formatta causa radice e stack.<br><br><pre style=""background:#282c34; color:#abb2bf; padding:10px; border-radius:5px; white-space:pre-wrap; word-wrap:break-word;""><code>_logger.LogError(ex, ""Errore critico durante l'elaborazione"");</code></pre>"
"[39 Pratica Quotidiana] - Come trasformi una stringa in un array di caratteri?";"Usa <code>.ToCharArray()</code>.<br><br><pre style=""background:#282c34; color:#abb2bf; padding:10px; border-radius:5px; white-space:pre-wrap; word-wrap:break-word;""><code>char[] lettere = ""Motore"".ToCharArray();</code></pre>"
"[39 Pratica Quotidiana] - Come unisci due array distinti in C#?";"Usa l'operatore di spread/collezione (C# 12) o il LINQ <code>.Concat()</code>.<br><br><pre style=""background:#282c34; color:#abb2bf; padding:10px; border-radius:5px; white-space:pre-wrap; word-wrap:break-word;""><code>int[] uniti = [.. array1, .. array2];</code></pre>"
"[39 Pratica Quotidiana] - Come verifichi se una collezione è vuota in modo efficiente con LINQ?";"Usa <code>.Any()</code> o la negazione <code>.Any()</code>. Evita `Count() > 0` perché quest'ultimo potrebbe scorrere l'intera collezione in memoria anziché fermarsi al primo elemento."
"[39 Pratica Quotidiana] - Come leggi tutto il testo di un file di configurazione in modo asincrono?";"Usa <code>File.ReadAllTextAsync()</code>.<br><br><pre style=""background:#282c34; color:#abb2bf; padding:10px; border-radius:5px; white-space:pre-wrap; word-wrap:break-word;""><code>string config = await File.ReadAllTextAsync(""appsettings.json"");</code></pre>"
"[39 Pratica Quotidiana] - Come scrivi una stringa multiriga pulita senza concatenamenti complessi?";"Usa le Raw String Literals (C# 11) con tre o più virgolette <code>\"\"\"</code>.<br><br><pre style=""background:#282c34; color:#abb2bf; padding:10px; border-radius:5px; white-space:pre-wrap; word-wrap:break-word;""><code>string json = <code>\"\"\"<br>{<br>  ""marca"": ""Yamaha""<br>}<br>\"\"\"</code>;</code></pre>"
"[39 Pratica Quotidiana] - Come gestisci un valore opzionale in un metodo senza passare null?";"Usa il tipo <code>Nullable<T></code> per i value types (es. <code>int?</code>) o le direttive di nullability per i reference types."
"[39 Pratica Quotidiana] - Come rimuovi i caratteri speciali di una stringa (es. newline o tab)?";"Usa il metodo <code>.Trim()</code> combinato o sostituisci direttamente i caratteri di escape.<br><br><pre style=""background:#282c34; color:#abb2bf; padding:10px; border-radius:5px; white-space:pre-wrap; word-wrap:break-word;""><code>string pulita = testo.Replace(""\n"", """").Replace(""\r"", """");</code></pre>"
"[39 Pratica Quotidiana] - Come si gestisce l'inizializzazione asincrona di un servizio senza bloccare il costruttore?";"I costruttori non possono essere <code>async</code>. Usa un metodo factory statico asincrono.<br><br><pre style=""background:#282c34; color:#abb2bf; padding:10px; border-radius:5px; white-space:pre-wrap; word-wrap:break-word;""><code>public static async Task<MioServizio> CreaAsync()<br>{<br>    var s = new MioServizio();<br>    await s.InizializzaAsync();<br>    return s;<br>}</code></pre>"
"[39 Pratica Quotidiana] - Qual è il rischio principale di usare 'async void' e quando va evitato?";"Va evitato ovunque tranne negli Event Handler UI. Le eccezioni in <code>async void</code> non possono essere catturate e fanno crashare il processo.<br><br><pre style=""background:#282c34; color:#abb2bf; padding:10px; border-radius:5px; white-space:pre-wrap; word-wrap:break-word;""><code>// NO: public async void SalvaDati()<br>// SI: public async Task SalvaDatiAsync()</code></pre>"
"[39 Pratica Quotidiana] - Come si esegue il logging strutturato ad alte prestazioni in ASP.NET Core?";"Usa i template di stringa del logger nativo al posto dell'interpolazione (<code>$</code>), così Serilog o altri provider possono indicizzare i parametri.<br><br><pre style=""background:#282c34; color:#abb2bf; padding:10px; border-radius:5px; white-space:pre-wrap; word-wrap:break-word;""><code>_logger.LogInformation(""Elaborata moto {Targa} in {Ms}ms"", targa, 120);</code></pre>"
"[39 Pratica Quotidiana] - Come si evita il blocco del thread (Deadlock) quando sei costretto a chiamare un metodo async in modo sincrono?";"Non usare mai <code>.Result</code> o <code>.Wait()</code>. Usa <code>.GetAwaiter().GetResult()</code>.<br><br><pre style=""background:#282c34; color:#abb2bf; padding:10px; border-radius:5px; white-space:pre-wrap; word-wrap:break-word;""><code>var dati = MioMetodoAsync().GetAwaiter().GetResult();</code></pre>"
"[39 Pratica Quotidiana] - Come si naviga in sicurezza una catena di proprietà che potrebbero essere null fornendo un valore di default?";"Combina l'operatore null-conditional <code>?.</code> con il null-coalescing <code>??</code>.<br><br><pre style=""background:#282c34; color:#abb2bf; padding:10px; border-radius:5px; white-space:pre-wrap; word-wrap:break-word;""><code>string citta = cliente?.Indirizzo?.Citta ?? ""Sconosciuta"";</code></pre>"
"[39 Pratica Quotidiana] - Come si ritarda l'istanziazione di un oggetto pesante finché non serve davvero?";"Usa <code>Lazy<T></code>. L'oggetto viene creato in modo thread-safe solo quando accedi a <code>.Value</code>.<br><br><pre style=""background:#282c34; color:#abb2bf; padding:10px; border-radius:5px; white-space:pre-wrap; word-wrap:break-word;""><code>private readonly Lazy<Report> _report = new(() => new Report());<br>// Uso: _report.Value.Genera();</code></pre>"
"[39 Pratica Quotidiana] - Come si scrive un'estensione LINQ personalizzata riutilizzabile?";"Crea un metodo statico con la keyword <code>this</code> su <code>IEnumerable<T></code>.<br><br><pre style=""background:#282c34; color:#abb2bf; padding:10px; border-radius:5px; white-space:pre-wrap; word-wrap:break-word;""><code>public static IEnumerable<Moto> SoloAttive(this IEnumerable<Moto> src)<br>    => src.Where(m => m.IsAttiva);</code></pre>"
"[39 Pratica Quotidiana] - Come si ordinano i risultati LINQ su più livelli (es. per Marca e poi per Prezzo)?";"Usa <code>.OrderBy()</code> seguito da <code>.ThenBy()</code>.<br><br><pre style=""background:#282c34; color:#abb2bf; padding:10px; border-radius:5px; white-space:pre-wrap; word-wrap:break-word;""><code>var lista = moto.OrderBy(m => m.Marca).ThenByDescending(m => m.Prezzo);</code></pre>"
"[39 Pratica Quotidiana] - Come si appiattisce una lista di liste (es. tutti i ricambi di tutte le fatture) in un'unica collezione con LINQ?";"Usa <code>.SelectMany()</code>.<br><br><pre style=""background:#282c34; color:#abb2bf; padding:10px; border-radius:5px; white-space:pre-wrap; word-wrap:break-word;""><code>var tuttiRicambi = fatture.SelectMany(f => f.Ricambi).ToList();</code></pre>"
"[39 Pratica Quotidiana] - Come si espone una lista interna di una classe impedendo a chi è fuori di fare .Add() o .Clear()?";"Incapsula una <code>List<T></code> privata ed esponila come <code>IReadOnlyCollection<T></code>.<br><br><pre style=""background:#282c34; color:#abb2bf; padding:10px; border-radius:5px; white-space:pre-wrap; word-wrap:break-word;""><code>private readonly List<Riga> _righe = new();<br>public IReadOnlyCollection<Riga> Righe => _righe.AsReadOnly();</code></pre>"
"[39 Pratica Quotidiana] - Come si gestisce l'ordinamento dinamico di una query EF Core in base a una stringa ricevuta dalla UI?";"Usa una Switch Expression per applicare l'<code>OrderBy</code> corretto all'<code>IQueryable</code>.<br><br><pre style=""background:#282c34; color:#abb2bf; padding:10px; border-radius:5px; white-space:pre-wrap; word-wrap:break-word;""><code>query = sortBy switch {<br>    ""prezzo"" => query.OrderBy(x => x.Prezzo),<br>    _ => query.OrderBy(x => x.Id)<br>};</code></pre>"
"[39 Pratica Quotidiana] - Come si uniscono due Dictionary sovrascrivendo i valori di A con quelli di B in caso di conflitto?";"Itera sul secondo dizionario e assegna tramite l'indexer.<br><br><pre style=""background:#282c34; color:#abb2bf; padding:10px; border-radius:5px; white-space:pre-wrap; word-wrap:break-word;""><code>foreach (var (key, val) in dictB)<br>{<br>    dictA[key] = val;<br>}</code></pre>"
"[39 Pratica Quotidiana] - Come si cicla un Dictionary estraendo direttamente chiave e valore in modo pulito?";"Usa la decostruzione delle tuple direttamente nel <code>foreach</code>.<br><br><pre style=""background:#282c34; color:#abb2bf; padding:10px; border-radius:5px; white-space:pre-wrap; word-wrap:break-word;""><code>foreach (var (targa, proprietario) in registroMoto)<br>{<br>    Console.WriteLine($""{targa}: {proprietario}"");<br>}</code></pre>"
"[39 Pratica Quotidiana] - Come si implementa il debounce di una ricerca testuale (aspettare che l'utente finisca di scrivere)?";"Cancella il <code>CancellationTokenSource</code> precedente a ogni tasto premuto e avvia un <code>Task.Delay</code>.<br><br><pre style=""background:#282c34; color:#abb2bf; padding:10px; border-radius:5px; white-space:pre-wrap; word-wrap:break-word;""><code>_cts?.Cancel();<br>_cts = new CancellationTokenSource();<br>await Task.Delay(300, _cts.Token);<br>await CercaAsync(testo);</code></pre>"
"[39 Pratica Quotidiana] - Come si allineano i testi in colonne fisse nei log o in console?";"Usa gli specificatori di allineamento nell'interpolazione di stringhe (negativo = sinistra, positivo = destra).<br><br><pre style=""background:#282c34; color:#abb2bf; padding:10px; border-radius:5px; white-space:pre-wrap; word-wrap:break-word;""><code>string riga = $""|{nome,-15}|{prezzo,10:C}|"";</code></pre>"
"[39 Pratica Quotidiana] - Qual è il modo più pulito per mappare un'Entity in un DTO senza usare AutoMapper?";"Scrivi un Extension Method statico dedicato al mapping.<br><br><pre style=""background:#282c34; color:#abb2bf; padding:10px; border-radius:5px; white-space:pre-wrap; word-wrap:break-word;""><code>public static MotoDto ToDto(this Moto m)<br>    => new(m.Id, m.Marca, m.Modello);</code></pre>"
"[39 Pratica Quotidiana] - Come si verifica in xUnit che un metodo asincrono lanci una specifica eccezione?";"Usa <code>await Assert.ThrowsAsync<T>()</code>.<br><br><pre style=""background:#282c34; color:#abb2bf; padding:10px; border-radius:5px; white-space:pre-wrap; word-wrap:break-word;""><code>await Assert.ThrowsAsync<ArgumentException>(() => sut.SalvaAsync(null));</code></pre>"
"[39 Pratica Quotidiana] - Come si rimuovono da un nome file tutti i caratteri illegali per il sistema operativo?";"Filtra la stringa usando <code>Path.GetInvalidFileNameChars()</code>.<br><br><pre style=""background:#282c34; color:#abb2bf; padding:10px; border-radius:5px; white-space:pre-wrap; word-wrap:break-word;""><code>var invalid = Path.GetInvalidFileNameChars();<br>string safeName = string.Concat(nome.Where(c => !invalid.Contains(c)));</code></pre>"
"[39 Pratica Quotidiana] - Come si protegge una sezione critica di codice in ambiente multithread (sincrono)?";"Usa l'istruzione <code>lock</code> su un oggetto privato dedicato.<br><br><pre style=""background:#282c34; color:#abb2bf; padding:10px; border-radius:5px; white-space:pre-wrap; word-wrap:break-word;""><code>private readonly object _lock = new();<br>lock (_lock) { _contatore++; }</code></pre>"
"[39 Pratica Quotidiana] - Come si sincronizza l'accesso a una risorsa dentro un metodo 'async' (dove 'lock' è vietato)?";"Usa <code>SemaphoreSlim</code> con <code>WaitAsync()</code>.<br><br><pre style=""background:#282c34; color:#abb2bf; padding:10px; border-radius:5px; white-space:pre-wrap; word-wrap:break-word;""><code>await _semaforo.WaitAsync();<br>try { await ScriviFileAsync(); }<br>finally { _semaforo.Release(); }</code></pre>"
"[39 Pratica Quotidiana] - Come si costruisce una stringa in un ciclo lungo senza allocare migliaia di oggetti in memoria?";"Usa <code>StringBuilder</code>.<br><br><pre style=""background:#282c34; color:#abb2bf; padding:10px; border-radius:5px; white-space:pre-wrap; word-wrap:break-word;""><code>var sb = new StringBuilder();<br>foreach (var v in voci) sb.AppendLine(v);<br>return sb.ToString();</code></pre>"
"[39 Pratica Quotidiana] - Come si legge una sezione di appsettings.json mappandola direttamente su una classe C#?";"Usa il pattern Options registrandolo in <code>Program.cs</code>.<br><br><pre style=""background:#282c34; color:#abb2bf; padding:10px; border-radius:5px; white-space:pre-wrap; word-wrap:break-word;""><code>builder.Services.Configure<SmtpOptions>(<br>    builder.Configuration.GetSection(""Smtp""));</code></pre>"
"[39 Pratica Quotidiana] - Come si ottiene rapidamente l'array tipizzato di tutti i valori di un Enum (.NET 5+)?";"Usa il metodo generico <code>Enum.GetValues<T>()</code>.<br><br><pre style=""background:#282c34; color:#abb2bf; padding:10px; border-radius:5px; white-space:pre-wrap; word-wrap:break-word;""><code>StatoOrdine[] stati = Enum.GetValues<StatoOrdine>();</code></pre>"
"[39 Pratica Quotidiana] - Come si crea una copia modificata di un Record immutabile senza alterare l'originale?";"Usa l'espressione <code>with</code> (Non-destructive mutation).<br><br><pre style=""background:#282c34; color:#abb2bf; padding:10px; border-radius:5px; white-space:pre-wrap; word-wrap:break-word;""><code>var preventivoAggiornato = preventivoVecchio with { Totale = 250m };</code></pre>"
"[39 Pratica Quotidiana] - Come si registra un HttpClient tipizzato in ASP.NET Core o MAUI evitando il Socket Exhaustion?";"Usa <code>AddHttpClient<T>()</code> nel container DI.<br><br><pre style=""background:#282c34; color:#abb2bf; padding:10px; border-radius:5px; white-space:pre-wrap; word-wrap:break-word;""><code>builder.Services.AddHttpClient<RicambiApiClient>(c => <br>    c.BaseAddress = new Uri(""https://api.officina.it""));</code></pre>"
"[39 Pratica Quotidiana] - Come si invia un oggetto in POST come JSON usando HttpClient in una sola riga?";"Usa <code>PostAsJsonAsync()</code>.<br><br><pre style=""background:#282c34; color:#abb2bf; padding:10px; border-radius:5px; white-space:pre-wrap; word-wrap:break-word;""><code>var resp = await _http.PostAsJsonAsync(""api/ordini"", nuovoOrdine, ct);<br>resp.EnsureSuccessStatusCode();</code></pre>"
"[39 Pratica Quotidiana] - Come si verifica se un numero rientra in un range usando il Pattern Matching (C# 9+)?";"Usa gli operatori relazionali combinati con <code>and</code>.<br><br><pre style=""background:#282c34; color:#abb2bf; padding:10px; border-radius:5px; white-space:pre-wrap; word-wrap:break-word;""><code>bool pressioneOk = bar is >= 2.2 and <= 2.9;</code></pre>"
"[39 Pratica Quotidiana] - Come si usa un dizionario Thread-Safe quando più thread aggiungono o leggono dati contemporaneamente?";"Usa <code>ConcurrentDictionary<TKey, TValue></code> e il metodo <code>GetOrAdd()</code>.<br><br><pre style=""background:#282c34; color:#abb2bf; padding:10px; border-radius:5px; white-space:pre-wrap; word-wrap:break-word;""><code>var val = _cache.GetOrAdd(chiave, k => CalcolaValore(k));</code></pre>"
"[39 Pratica Quotidiana] - Come si esegue il rilascio asincrono di una risorsa che implementa IAsyncDisposable (es. Stream o DbContext)?";"Usa <code>await using</code>.<br><br><pre style=""background:#282c34; color:#abb2bf; padding:10px; border-radius:5px; white-space:pre-wrap; word-wrap:break-word;""><code>await using var stream = new FileStream(path, FileMode.Create);<br>await stream.WriteAsync(buffer);</code></pre>"
